[
  {
    "value": "Admission Process",
    "synonyms": [
      "Admission Process",
      "Process for admission",
      "Process for taking the admission",
      "Admssion procedure",
      "Admission procedure while taking the admission",
      "Procedure for admission",
      "Flow of admission",
      "Admssion flow",
      "Flow of the admission",
      "Flow of the admission process",
      "Tasks in admission",
      "What are the tasks in the admission process"
    ]
  },
  {
    "value": "Tasks",
    "synonyms": [
      "Tasks",
      "Tasks while taking the admission",
      "Tasks to carry out while taking the admssion"
    ]
  },
  {
    "value": "Procedures",
    "synonyms": [
      "Procedures",
      "Procedures to follow",
      "Procedures to follow while taking the admission"
    ]
  }
]