[
  {
    "id": "74b9de88-0807-427e-814a-58edb37cdeab",
    "data": [
      {
        "text": "minimum qualifying marks in ",
        "userDefined": false
      },
      {
        "text": "12th",
        "userDefined": false
      },
      {
        "text": "?",
        "userDefined": false
      }
    ],
    "isTemplate": false,
    "count": 0,
    "lang": "en",
    "updated": 0
  },
  {
    "id": "90de0f61-7c0f-4c6b-abd8-0e0f89ffcbc3",
    "data": [
      {
        "text": "how much qualifying marks in ",
        "userDefined": false
      },
      {
        "text": "12th",
        "userDefined": false
      },
      {
        "text": " are required",
        "userDefined": false
      }
    ],
    "isTemplate": false,
    "count": 0,
    "lang": "en",
    "updated": 0
  },
  {
    "id": "ff65fdc0-3b68-48ac-9d7a-6e76c0291359",
    "data": [
      {
        "text": "minimum",
        "userDefined": false
      },
      {
        "text": " twelfth marks required",
        "userDefined": false
      }
    ],
    "isTemplate": false,
    "count": 0,
    "lang": "en",
    "updated": 0
  },
  {
    "id": "81785495-2fd9-4299-aca6-2b4020a19be4",
    "data": [
      {
        "text": "cut-off",
        "userDefined": false
      },
      {
        "text": " for ",
        "userDefined": false
      },
      {
        "text": "12th",
        "userDefined": false
      },
      {
        "text": " marks",
        "userDefined": false
      }
    ],
    "isTemplate": false,
    "count": 0,
    "lang": "en",
    "updated": 0
  },
  {
    "id": "d17802ac-d3c4-45ea-ae75-ce8540609118",
    "data": [
      {
        "text": "cut off",
        "userDefined": false
      },
      {
        "text": " for ",
        "userDefined": false
      },
      {
        "text": "12th",
        "userDefined": false
      },
      {
        "text": " marks",
        "userDefined": false
      }
    ],
    "isTemplate": false,
    "count": 0,
    "lang": "en",
    "updated": 0
  },
  {
    "id": "aa8f0836-a427-4262-a769-04bd2e54f2f9",
    "data": [
      {
        "text": "12th",
        "userDefined": false
      },
      {
        "text": " eligibility ",
        "userDefined": false
      },
      {
        "text": "criteria for admission",
        "userDefined": false
      },
      {
        "text": "?",
        "userDefined": false
      }
    ],
    "isTemplate": false,
    "count": 0,
    "lang": "en",
    "updated": 0
  },
  {
    "id": "ee983bee-744f-45fe-b135-1e69193868f9",
    "data": [
      {
        "text": "12th",
        "userDefined": false
      },
      {
        "text": " ",
        "userDefined": false
      },
      {
        "text": "minimum marks",
        "userDefined": false
      },
      {
        "text": " required",
        "userDefined": false
      }
    ],
    "isTemplate": false,
    "count": 0,
    "lang": "en",
    "updated": 0
  },
  {
    "id": "b5fde720-e335-4896-88de-a18c8d671a1c",
    "data": [
      {
        "text": "how much marks are required in ",
        "userDefined": false
      },
      {
        "text": "12th",
        "userDefined": false
      },
      {
        "text": " for admission?",
        "userDefined": false
      }
    ],
    "isTemplate": false,
    "count": 0,
    "lang": "en",
    "updated": 0
  }
]