[
  {
    "id": "8cae0d61-f84f-4799-bcbc-3428574ed8ff",
    "data": [
      {
        "text": "about pcet",
        "meta": "@aboutCollege",
        "alias": "aboutcollege",
        "userDefined": false
      }
    ],
    "isTemplate": false,
    "count": 0,
    "lang": "en",
    "updated": 0
  },
  {
    "id": "abc65d69-1be7-4078-8430-7f0b04033f70",
    "data": [
      {
        "text": "Say something ",
        "userDefined": false
      },
      {
        "text": "about pccoer",
        "meta": "@aboutCollege",
        "alias": "aboutcollege",
        "userDefined": false
      }
    ],
    "isTemplate": false,
    "count": 0,
    "lang": "en",
    "updated": 0
  },
  {
    "id": "26f5eaf2-9a97-4b44-b6fd-f825afc17ccc",
    "data": [
      {
        "text": "Provide information ",
        "userDefined": false
      },
      {
        "text": "regarding the college",
        "meta": "@aboutCollege",
        "alias": "aboutcollege",
        "userDefined": false
      }
    ],
    "isTemplate": false,
    "count": 0,
    "lang": "en",
    "updated": 0
  },
  {
    "id": "3987e5fc-2bd9-444b-ade3-0a9aff59ce16",
    "data": [
      {
        "text": "tell me something ",
        "userDefined": false
      },
      {
        "text": "about your college",
        "meta": "@aboutCollege",
        "alias": "aboutcollege",
        "userDefined": false
      }
    ],
    "isTemplate": false,
    "count": 0,
    "lang": "en",
    "updated": 0
  },
  {
    "id": "2db7a8b2-1cbd-43c8-a719-a2407ccfdae1",
    "data": [
      {
        "text": "about college",
        "meta": "@aboutCollege",
        "alias": "aboutcollege",
        "userDefined": false
      }
    ],
    "isTemplate": false,
    "count": 1,
    "lang": "en",
    "updated": 0
  }
]