[
  {
    "id": "5e08164b-b3ec-4962-9113-2c8787c3c097",
    "data": [
      {
        "text": "are you with me?",
        "userDefined": false
      }
    ],
    "isTemplate": false,
    "count": 0,
    "lang": "en",
    "updated": 0
  },
  {
    "id": "9a87cc8e-371b-4c32-a028-9a900a481571",
    "data": [
      {
        "text": "you out there?",
        "userDefined": false
      }
    ],
    "isTemplate": false,
    "count": 0,
    "lang": "en",
    "updated": 0
  },
  {
    "id": "0fcfa9dc-234f-4166-9771-c2cb2e586833",
    "data": [
      {
        "text": "you here?",
        "userDefined": false
      }
    ],
    "isTemplate": false,
    "count": 0,
    "lang": "en",
    "updated": 0
  },
  {
    "id": "d275d0d4-9301-41ec-92d4-2beaecc9488c",
    "data": [
      {
        "text": "listening",
        "userDefined": false
      }
    ],
    "isTemplate": false,
    "count": 0,
    "lang": "en",
    "updated": 0
  },
  {
    "id": "d1b028da-3fc2-4869-a42e-33e769ebd29d",
    "data": [
      {
        "text": "are you listening?",
        "userDefined": false
      }
    ],
    "isTemplate": false,
    "count": 0,
    "lang": "en",
    "updated": 0
  },
  {
    "id": "2954f478-40f9-4327-ad5c-882d53463550",
    "data": [
      {
        "text": "are you listening",
        "userDefined": false
      }
    ],
    "isTemplate": false,
    "count": 0,
    "lang": "en",
    "updated": 0
  },
  {
    "id": "008a024f-a4b8-4710-a8ea-7c989ee09573",
    "data": [
      {
        "text": "are you there",
        "userDefined": false
      }
    ],
    "isTemplate": false,
    "count": 0,
    "lang": "en",
    "updated": 0
  },
  {
    "id": "618604ad-ab43-4414-8d0b-ee006860e23d",
    "data": [
      {
        "text": "are you there?",
        "userDefined": false
      }
    ],
    "isTemplate": false,
    "count": 0,
    "lang": "en",
    "updated": 0
  }
]