[
  {
    "id": "a1c7cae2-43db-4977-9986-22e7a52e1585",
    "data": [
      {
        "text": "question",
        "meta": "@question",
        "alias": "question",
        "userDefined": true
      }
    ],
    "isTemplate": false,
    "count": 1,
    "lang": "en",
    "updated": 0
  },
  {
    "id": "5a43d5c0-ad93-4079-9b26-f4f870bafd77",
    "data": [
      {
        "text": "Can I ask a question",
        "userDefined": false
      }
    ],
    "isTemplate": false,
    "count": 0,
    "lang": "en",
    "updated": 0
  },
  {
    "id": "0a02b796-904c-4e50-b500-36c46a7f63cf",
    "data": [
      {
        "text": "Can I ask you a question",
        "userDefined": false
      }
    ],
    "isTemplate": false,
    "count": 0,
    "lang": "en",
    "updated": 0
  },
  {
    "id": "cf47155f-eedf-4eee-aa0f-d0187f8ea888",
    "data": [
      {
        "text": "Can I ask you something",
        "userDefined": false
      }
    ],
    "isTemplate": false,
    "count": 0,
    "lang": "en",
    "updated": 0
  },
  {
    "id": "70b48994-f59b-4a94-b16d-a8ee4af4053d",
    "data": [
      {
        "text": "I got a question",
        "userDefined": false
      }
    ],
    "isTemplate": false,
    "count": 0,
    "lang": "en",
    "updated": 0
  },
  {
    "id": "c03a5b0c-783b-4223-b43b-69d6f9388c10",
    "data": [
      {
        "text": "I have a question",
        "userDefined": false
      }
    ],
    "isTemplate": false,
    "count": 0,
    "lang": "en",
    "updated": 0
  }
]