[
  {
    "id": "d7ff2b2a-15cf-42f8-9836-715795b3cc9b",
    "data": [
      {
        "text": "What are the ",
        "userDefined": false
      },
      {
        "text": "awards and achievements",
        "meta": "@awardsAndAchievements",
        "alias": "awardsandachievements",
        "userDefined": false
      },
      {
        "text": " the college has received?",
        "userDefined": false
      }
    ],
    "isTemplate": false,
    "count": 0,
    "lang": "en",
    "updated": 0
  },
  {
    "id": "b26adc3c-5bde-4ee3-9c99-bf69437a2920",
    "data": [
      {
        "text": "Achievements",
        "meta": "@awardsAndAchievements",
        "alias": "awardsandachievements",
        "userDefined": false
      }
    ],
    "isTemplate": false,
    "count": 0,
    "lang": "en",
    "updated": 0
  },
  {
    "id": "cf7bbdff-63c6-485c-a957-dd6f67d938a3",
    "data": [
      {
        "text": "Awards",
        "meta": "@awardsAndAchievements",
        "alias": "awardsandachievements",
        "userDefined": false
      }
    ],
    "isTemplate": false,
    "count": 0,
    "lang": "en",
    "updated": 0
  }
]