[
  {
    "id": "146ccd57-060f-4482-a3bc-8e4613fd01aa",
    "data": [
      {
        "text": "Engineering ",
        "userDefined": false
      },
      {
        "text": "streams",
        "meta": "@branches",
        "alias": "branches",
        "userDefined": true
      }
    ],
    "isTemplate": false,
    "count": 0,
    "lang": "en",
    "updated": 0
  },
  {
    "id": "9d8f1bc6-25d0-4297-851c-b81467b72283",
    "data": [
      {
        "text": "Engineering sides in PCCOER",
        "userDefined": false
      }
    ],
    "isTemplate": false,
    "count": 0,
    "lang": "en",
    "updated": 0
  },
  {
    "id": "a98db745-7373-417c-9c64-44d3b03d696e",
    "data": [
      {
        "text": "What are various engineering streams available in your college",
        "userDefined": false
      }
    ],
    "isTemplate": false,
    "count": 0,
    "lang": "en",
    "updated": 0
  },
  {
    "id": "52f4636a-3c3b-4348-a375-534c7ac886d2",
    "data": [
      {
        "text": "What are various branches in your college?",
        "userDefined": false
      }
    ],
    "isTemplate": false,
    "count": 0,
    "lang": "en",
    "updated": 0
  },
  {
    "id": "6f21e0ce-fed0-49b0-8c8f-568424d0d1c2",
    "data": [
      {
        "text": "branches",
        "userDefined": false
      }
    ],
    "isTemplate": false,
    "count": 0,
    "lang": "en",
    "updated": 0
  },
  {
    "id": "8a206e5d-ee05-4b40-aaf0-ac911af33dd8",
    "data": [
      {
        "text": "streams",
        "userDefined": false
      }
    ],
    "isTemplate": false,
    "count": 0,
    "lang": "en",
    "updated": 0
  },
  {
    "id": "be08f116-4055-4921-9783-df0b9f0d4610",
    "data": [
      {
        "text": "engineering branches",
        "userDefined": false
      }
    ],
    "isTemplate": false,
    "count": 0,
    "lang": "en",
    "updated": 0
  }
]