[
  {
    "id": "0a29bb5e-574b-440b-aa8b-d4786b1529dc",
    "data": [
      {
        "text": "branchintake",
        "meta": "@branchintake",
        "alias": "branchintake",
        "userDefined": false
      }
    ],
    "isTemplate": false,
    "count": 0,
    "lang": "en",
    "updated": 0
  },
  {
    "id": "2ec83be5-8f86-4ea8-b157-d3ccb83c498c",
    "data": [
      {
        "text": "intake",
        "meta": "@branchintake",
        "alias": "branchintake",
        "userDefined": true
      }
    ],
    "isTemplate": false,
    "count": 0,
    "lang": "en",
    "updated": 0
  },
  {
    "id": "3dadb95c-c99d-42d2-be1f-7ddd6e5f18c9",
    "data": [
      {
        "text": "branch wise intakes?",
        "userDefined": false
      }
    ],
    "isTemplate": false,
    "count": 0,
    "lang": "en",
    "updated": 0
  },
  {
    "id": "562b9257-0531-4373-9724-a46851f0c84c",
    "data": [
      {
        "text": "branchwise ",
        "userDefined": false
      },
      {
        "text": "intake",
        "meta": "@branchintake",
        "alias": "branchintake",
        "userDefined": true
      },
      {
        "text": "?",
        "userDefined": false
      }
    ],
    "isTemplate": false,
    "count": 0,
    "lang": "en",
    "updated": 0
  },
  {
    "id": "d3f49a3b-a9b7-47ee-8211-650c14115ea2",
    "data": [
      {
        "text": "What are their respective intakes?",
        "userDefined": false
      }
    ],
    "isTemplate": false,
    "count": 0,
    "lang": "en",
    "updated": 0
  },
  {
    "id": "e7c72467-ca4e-4a8b-b371-18d1228e6646",
    "data": [
      {
        "text": "What are their intakes ?",
        "userDefined": false
      }
    ],
    "isTemplate": false,
    "count": 0,
    "lang": "en",
    "updated": 0
  },
  {
    "id": "4c6c85df-8e58-4c3e-bdfa-be51576f3a60",
    "data": [
      {
        "text": "what is the intake",
        "userDefined": false
      }
    ],
    "isTemplate": false,
    "count": 1,
    "lang": "en",
    "updated": 0
  },
  {
    "id": "1c5bb9a4-9467-407b-a09e-49b6f5ac8404",
    "data": [
      {
        "text": "Number of intakes in each branch",
        "userDefined": false
      }
    ],
    "isTemplate": false,
    "count": 0,
    "lang": "en",
    "updated": 0
  },
  {
    "id": "0e719f5a-a8f5-4b23-b2e4-de11bbd641a4",
    "data": [
      {
        "text": "Student intake",
        "userDefined": false
      }
    ],
    "isTemplate": false,
    "count": 0,
    "lang": "en",
    "updated": 0
  },
  {
    "id": "90ee0c13-eb76-49b4-9b14-00476f6fd530",
    "data": [
      {
        "text": "what is the intake in college?",
        "userDefined": false
      }
    ],
    "isTemplate": false,
    "count": 0,
    "lang": "en",
    "updated": 0
  },
  {
    "id": "c782c746-0dbe-4349-ae6d-e7549f008bf7",
    "data": [
      {
        "text": "what is the intake for each branch?",
        "userDefined": false
      }
    ],
    "isTemplate": false,
    "count": 0,
    "lang": "en",
    "updated": 0
  },
  {
    "id": "093ddaff-895f-4b32-958d-f437683bf7b5",
    "data": [
      {
        "text": "What is the branch intake",
        "userDefined": false
      }
    ],
    "isTemplate": false,
    "count": 0,
    "lang": "en",
    "updated": 0
  },
  {
    "id": "1844d027-ddc8-4323-b6c9-fc0ecc894909",
    "data": [
      {
        "text": "Branch intake",
        "userDefined": false
      }
    ],
    "isTemplate": false,
    "count": 0,
    "lang": "en",
    "updated": 0
  }
]