[
  {
    "id": "1276ae9e-9abc-47c3-8d9c-181d25dd4675",
    "data": [
      {
        "text": "timetable for the buses",
        "userDefined": false
      }
    ],
    "isTemplate": false,
    "count": 0,
    "lang": "en",
    "updated": 0
  },
  {
    "id": "47130a86-b074-4185-b35f-cfbf1e2f72e3",
    "data": [
      {
        "text": "bus timetable",
        "meta": "@busTimings",
        "alias": "busTimings",
        "userDefined": false
      }
    ],
    "isTemplate": false,
    "count": 0,
    "lang": "en",
    "updated": 0
  },
  {
    "id": "aa93752e-79a2-4045-a394-7ca2a74e46b7",
    "data": [
      {
        "text": "bus schedule",
        "meta": "@busTimings",
        "alias": "busTimings",
        "userDefined": true
      }
    ],
    "isTemplate": false,
    "count": 0,
    "lang": "en",
    "updated": 0
  },
  {
    "id": "14416b81-e5a0-4ea7-a1ae-78dce84ce466",
    "data": [
      {
        "text": "schedule for buses",
        "userDefined": false
      }
    ],
    "isTemplate": false,
    "count": 0,
    "lang": "en",
    "updated": 0
  },
  {
    "id": "a41f7bf2-0326-4cbf-99f7-1b6a8643e04e",
    "data": [
      {
        "text": "What are the ",
        "userDefined": false
      },
      {
        "text": "timings for bus",
        "meta": "@busTimings",
        "alias": "busTimings",
        "userDefined": true
      },
      {
        "text": "?",
        "userDefined": false
      }
    ],
    "isTemplate": false,
    "count": 0,
    "lang": "en",
    "updated": 0
  },
  {
    "id": "2a820501-a907-4ced-926a-c71f573af143",
    "data": [
      {
        "text": "bus timings",
        "meta": "@busTimings",
        "alias": "busTimings",
        "userDefined": false
      }
    ],
    "isTemplate": false,
    "count": 0,
    "lang": "en",
    "updated": 0
  },
  {
    "id": "d3f158cc-605f-4b26-8e80-dae6459912e0",
    "data": [
      {
        "text": "What are the ",
        "userDefined": false
      },
      {
        "text": "bus timings",
        "meta": "@busTimings",
        "alias": "busTimings",
        "userDefined": true
      },
      {
        "text": "?",
        "userDefined": false
      }
    ],
    "isTemplate": false,
    "count": 0,
    "lang": "en",
    "updated": 0
  }
]