[
  {
    "id": "0cc95100-2092-45f2-b09f-ba0f469f9410",
    "data": [
      {
        "text": "is there any ",
        "userDefined": false
      },
      {
        "text": "transportation facility",
        "meta": "@busFacility",
        "alias": "busfacility",
        "userDefined": false
      }
    ],
    "isTemplate": false,
    "count": 0,
    "lang": "en",
    "updated": 0
  },
  {
    "id": "8476afec-07a8-42dc-9421-4e4dec729333",
    "data": [
      {
        "text": "are ",
        "userDefined": false
      },
      {
        "text": "buses",
        "meta": "@busFacility",
        "alias": "busfacility",
        "userDefined": false
      },
      {
        "text": " available for students",
        "userDefined": false
      }
    ],
    "isTemplate": false,
    "count": 0,
    "lang": "en",
    "updated": 0
  },
  {
    "id": "8ea52b3d-833c-4865-a33a-34ea5105c70f",
    "data": [
      {
        "text": "bus facility",
        "meta": "@busFacility",
        "alias": "busfacility",
        "userDefined": false
      }
    ],
    "isTemplate": false,
    "count": 0,
    "lang": "en",
    "updated": 0
  }
]