[
  {
    "id": "bc0e15f7-a194-4880-a424-57c3da53190f",
    "data": [
      {
        "text": "campus",
        "meta": "@campus",
        "alias": "campus",
        "userDefined": true
      }
    ],
    "isTemplate": false,
    "count": 0,
    "lang": "en",
    "updated": 0
  },
  {
    "id": "ada6d9af-5ac7-45d0-bfe2-c01e2e22d5b9",
    "data": [
      {
        "text": "College ",
        "userDefined": false
      },
      {
        "text": "campus",
        "meta": "@campus",
        "alias": "campus",
        "userDefined": true
      },
      {
        "text": " of pccoer",
        "userDefined": false
      }
    ],
    "isTemplate": false,
    "count": 0,
    "lang": "en",
    "updated": 0
  },
  {
    "id": "c5f936a8-95b7-4fc7-b892-ecb841f1e44a",
    "data": [
      {
        "text": "how is college infrastructure",
        "userDefined": false
      }
    ],
    "isTemplate": false,
    "count": 0,
    "lang": "en",
    "updated": 0
  },
  {
    "id": "190d6c17-0c34-42ea-9936-535a4cabd81e",
    "data": [
      {
        "text": "How is college campus like",
        "userDefined": false
      }
    ],
    "isTemplate": false,
    "count": 0,
    "lang": "en",
    "updated": 0
  },
  {
    "id": "397a7b18-6b0c-4fa3-8080-a294bbc5340f",
    "data": [
      {
        "text": "Tell me about your college campus",
        "userDefined": false
      }
    ],
    "isTemplate": false,
    "count": 0,
    "lang": "en",
    "updated": 0
  },
  {
    "id": "b3285d5f-6fa8-43c4-897a-445dd072412b",
    "data": [
      {
        "text": "Facilities",
        "userDefined": false
      }
    ],
    "isTemplate": false,
    "count": 0,
    "lang": "en",
    "updated": 0
  },
  {
    "id": "2818a581-75f2-40fb-80c6-1e37d7ca962f",
    "data": [
      {
        "text": "Infrastructure",
        "userDefined": false
      }
    ],
    "isTemplate": false,
    "count": 0,
    "lang": "en",
    "updated": 0
  },
  {
    "id": "467540ab-8ae5-4577-b7ca-06e31a38616c",
    "data": [
      {
        "text": "College campus",
        "userDefined": false
      }
    ],
    "isTemplate": false,
    "count": 0,
    "lang": "en",
    "updated": 0
  }
]