[
  {
    "id": "d4212fd7-62ed-49f6-8dfb-15d453cf43e7",
    "data": [
      {
        "text": "Let me know about ",
        "userDefined": false
      },
      {
        "text": "canteen",
        "meta": "@canteen",
        "alias": "canteen",
        "userDefined": true
      },
      {
        "text": " / mess",
        "userDefined": false
      }
    ],
    "isTemplate": false,
    "count": 0,
    "lang": "en",
    "updated": 0
  },
  {
    "id": "cafa1a6a-5d2f-41a0-afab-46f65895e518",
    "data": [
      {
        "text": "Provide information about canteen or ",
        "userDefined": false
      },
      {
        "text": "mess",
        "meta": "@canteen",
        "alias": "canteen",
        "userDefined": true
      }
    ],
    "isTemplate": false,
    "count": 0,
    "lang": "en",
    "updated": 0
  },
  {
    "id": "1340b682-1196-482d-90d1-f383b2875b3f",
    "data": [
      {
        "text": "I need to know about canteen / mess",
        "userDefined": false
      }
    ],
    "isTemplate": false,
    "count": 0,
    "lang": "en",
    "updated": 0
  },
  {
    "id": "b0ec326d-03ce-4e0a-8006-a19eb6d60ca8",
    "data": [
      {
        "text": "tell me about canteen/mess",
        "userDefined": false
      }
    ],
    "isTemplate": false,
    "count": 0,
    "lang": "en",
    "updated": 0
  },
  {
    "id": "00b2ca4e-fe7b-48cb-871e-ac3a496f54dc",
    "data": [
      {
        "text": "mess",
        "userDefined": false
      }
    ],
    "isTemplate": false,
    "count": 0,
    "lang": "en",
    "updated": 0
  },
  {
    "id": "061ecd59-d952-4dca-8805-0329b87a8555",
    "data": [
      {
        "text": "canteen",
        "userDefined": false
      }
    ],
    "isTemplate": false,
    "count": 0,
    "lang": "en",
    "updated": 0
  },
  {
    "id": "c11d75d6-b8c6-4dda-a314-3c8fee2ae5c1",
    "data": [
      {
        "text": "What about Canteen/Mess",
        "userDefined": false
      }
    ],
    "isTemplate": false,
    "count": 0,
    "lang": "en",
    "updated": 0
  }
]