[
  {
    "id": "a623c634-497a-48b1-b7d6-5857d7e74bbf",
    "data": [
      {
        "text": "canteen fees",
        "meta": "@canteenFees",
        "alias": "canteenFees",
        "userDefined": true
      }
    ],
    "isTemplate": false,
    "count": 0,
    "lang": "en",
    "updated": 0
  },
  {
    "id": "c98f5e25-9c83-4081-a687-3944c6b4f6c2",
    "data": [
      {
        "text": "canteen/mess fees",
        "userDefined": false
      }
    ],
    "isTemplate": false,
    "count": 0,
    "lang": "en",
    "updated": 0
  },
  {
    "id": "b6b3a0fb-bc38-47d0-856a-266d1de714fd",
    "data": [
      {
        "text": "mess fees",
        "userDefined": false
      }
    ],
    "isTemplate": false,
    "count": 1,
    "lang": "en",
    "updated": 0
  },
  {
    "id": "0fdffae8-c31e-4b71-8db7-4662a46572a1",
    "data": [
      {
        "text": "Let me know the canteen/mess fees",
        "userDefined": false
      }
    ],
    "isTemplate": false,
    "count": 0,
    "lang": "en",
    "updated": 0
  },
  {
    "id": "b2ff507a-ba04-4767-9afc-bb465ed3d20b",
    "data": [
      {
        "text": "I need to know canteen/mess fees",
        "userDefined": false
      }
    ],
    "isTemplate": false,
    "count": 0,
    "lang": "en",
    "updated": 0
  },
  {
    "id": "a5e31fe5-21dc-4289-add3-ee31801884c6",
    "data": [
      {
        "text": "Provide information on mess fees",
        "userDefined": false
      }
    ],
    "isTemplate": false,
    "count": 0,
    "lang": "en",
    "updated": 0
  },
  {
    "id": "418b5e99-31d2-45eb-9d07-f7fcdf8ba9bd",
    "data": [
      {
        "text": "Provide information on canteen fees",
        "userDefined": false
      }
    ],
    "isTemplate": false,
    "count": 0,
    "lang": "en",
    "updated": 0
  },
  {
    "id": "f708595b-2bcc-49a8-bf50-1b55a4abb497",
    "data": [
      {
        "text": "I want to know the mess fees",
        "userDefined": false
      }
    ],
    "isTemplate": false,
    "count": 0,
    "lang": "en",
    "updated": 0
  },
  {
    "id": "45d9faf8-048a-4d8e-acdf-af5a6aa88f36",
    "data": [
      {
        "text": "I want to know the canteen fees",
        "userDefined": false
      }
    ],
    "isTemplate": false,
    "count": 0,
    "lang": "en",
    "updated": 0
  },
  {
    "id": "66367bc9-9492-42cb-978b-c033a088f7f7",
    "data": [
      {
        "text": "tell me about the mess fees",
        "userDefined": false
      }
    ],
    "isTemplate": false,
    "count": 0,
    "lang": "en",
    "updated": 0
  },
  {
    "id": "2340715c-8761-451c-9567-6ac1a2682eae",
    "data": [
      {
        "text": "tell me about the canteen fees",
        "userDefined": false
      }
    ],
    "isTemplate": false,
    "count": 0,
    "lang": "en",
    "updated": 0
  },
  {
    "id": "804c840a-adce-4fe2-9fb1-d1511275e0d7",
    "data": [
      {
        "text": "what are the canteen fees",
        "userDefined": false
      }
    ],
    "isTemplate": false,
    "count": 0,
    "lang": "en",
    "updated": 0
  },
  {
    "id": "4d6837d3-fbf9-472d-85f1-68a75d12473a",
    "data": [
      {
        "text": "what are the mess fees",
        "userDefined": false
      }
    ],
    "isTemplate": false,
    "count": 0,
    "lang": "en",
    "updated": 0
  },
  {
    "id": "41bac757-5679-4e8e-bfbf-0553dfd658f6",
    "data": [
      {
        "text": "fees for the mess",
        "userDefined": false
      }
    ],
    "isTemplate": false,
    "count": 0,
    "lang": "en",
    "updated": 0
  },
  {
    "id": "8324b85c-782b-48ff-896a-6ebce5020f11",
    "data": [
      {
        "text": "fees for the canteen",
        "userDefined": false
      }
    ],
    "isTemplate": false,
    "count": 0,
    "lang": "en",
    "updated": 0
  }
]