[
  {
    "id": "c526a97b-71cb-4dc5-b807-562383b82f04",
    "data": [
      {
        "text": "Canteen timings",
        "meta": "@messTimings",
        "alias": "messTimings",
        "userDefined": true
      }
    ],
    "isTemplate": false,
    "count": 0,
    "lang": "en",
    "updated": 0
  },
  {
    "id": "1321f856-d479-4f20-a4ea-48987dde379d",
    "data": [
      {
        "text": "Canteen / mess schedules",
        "meta": "@messTimings",
        "alias": "messTimings",
        "userDefined": true
      }
    ],
    "isTemplate": false,
    "count": 0,
    "lang": "en",
    "updated": 0
  },
  {
    "id": "05c13e46-1d5d-43f5-b6d6-770cbfe61a25",
    "data": [
      {
        "text": "Canteen and mess timings",
        "userDefined": false
      }
    ],
    "isTemplate": false,
    "count": 0,
    "lang": "en",
    "updated": 0
  },
  {
    "id": "f765f79e-363f-48cb-bfaa-38f6298179be",
    "data": [
      {
        "text": "Canteen/mess timings",
        "userDefined": false
      }
    ],
    "isTemplate": false,
    "count": 0,
    "lang": "en",
    "updated": 0
  },
  {
    "id": "c23622f7-934a-4ce8-908a-d7391322f28b",
    "data": [
      {
        "text": "Mess timings",
        "userDefined": false
      }
    ],
    "isTemplate": false,
    "count": 1,
    "lang": "en",
    "updated": 0
  }
]