[
  {
    "id": "5eae3f44-dd57-48f4-b6fa-6696c8e82a41",
    "data": [
      {
        "text": "canteen food",
        "meta": "@canteenFood",
        "alias": "canteenFood",
        "userDefined": true
      }
    ],
    "isTemplate": false,
    "count": 1,
    "lang": "en",
    "updated": 0
  },
  {
    "id": "439178d7-638f-41a6-ad68-75df9f79af7b",
    "data": [
      {
        "text": "food",
        "meta": "@canteenFood",
        "alias": "canteenFood",
        "userDefined": true
      }
    ],
    "isTemplate": false,
    "count": 0,
    "lang": "en",
    "updated": 0
  },
  {
    "id": "22b9b0c2-dc52-4dc8-b547-7042cf74d4f8",
    "data": [
      {
        "text": "canteen/mess food",
        "userDefined": false
      }
    ],
    "isTemplate": false,
    "count": 0,
    "lang": "en",
    "updated": 0
  },
  {
    "id": "e51c1902-fff5-449c-a979-a1516985baec",
    "data": [
      {
        "text": "mess food",
        "userDefined": false
      }
    ],
    "isTemplate": false,
    "count": 1,
    "lang": "en",
    "updated": 0
  },
  {
    "id": "0fc91ea7-0d42-484e-8c52-5a509681e0e0",
    "data": [
      {
        "text": "is mess good?",
        "userDefined": false
      }
    ],
    "isTemplate": false,
    "count": 0,
    "lang": "en",
    "updated": 0
  },
  {
    "id": "c049677f-cdb4-4d61-9209-9c356b620b84",
    "data": [
      {
        "text": "Is canteen good?",
        "userDefined": false
      }
    ],
    "isTemplate": false,
    "count": 0,
    "lang": "en",
    "updated": 0
  }
]