[
  {
    "id": "8bcfa00b-5fb2-4fb6-9e10-b0f665381f43",
    "data": [
      {
        "text": "cet accepted",
        "meta": "@cetAcceptedOrNot",
        "alias": "cetAcceptedOrNot",
        "userDefined": true
      }
    ],
    "isTemplate": false,
    "count": 0,
    "lang": "en",
    "updated": 0
  },
  {
    "id": "6b324e68-9c07-4b8d-ad67-84a8516b2cd3",
    "data": [
      {
        "text": "Is ",
        "userDefined": false
      },
      {
        "text": "CET accepted or not",
        "meta": "@cetAcceptedOrNot",
        "alias": "cetAcceptedOrNot",
        "userDefined": true
      }
    ],
    "isTemplate": false,
    "count": 0,
    "lang": "en",
    "updated": 0
  },
  {
    "id": "66988749-c43c-4152-8af2-2723a2d32dd6",
    "data": [
      {
        "text": "Do you accept CET or not?",
        "userDefined": false
      }
    ],
    "isTemplate": false,
    "count": 0,
    "lang": "en",
    "updated": 0
  },
  {
    "id": "5ea0b627-14a2-4e71-bd56-f7184996f7f8",
    "data": [
      {
        "text": "Do you accept MHTCET scores?",
        "userDefined": false
      }
    ],
    "isTemplate": false,
    "count": 0,
    "lang": "en",
    "updated": 0
  },
  {
    "id": "63aaf579-89f0-4e43-889b-e28028b8a0ab",
    "data": [
      {
        "text": "cet accepted or not?",
        "userDefined": false
      }
    ],
    "isTemplate": false,
    "count": 0,
    "lang": "en",
    "updated": 0
  }
]