[
  {
    "id": "44989546-1ac3-4198-be4e-0867b03522eb",
    "data": [
      {
        "text": "tata",
        "userDefined": false
      }
    ],
    "isTemplate": false,
    "count": 0,
    "lang": "en",
    "updated": 0
  },
  {
    "id": "b2c4d800-b0e3-4e52-86bf-af46b6841c43",
    "data": [
      {
        "text": "ok bye-bye",
        "userDefined": false
      }
    ],
    "isTemplate": false,
    "count": 0,
    "lang": "en",
    "updated": 0
  },
  {
    "id": "2951bef3-6828-42bf-a723-dc8eef7aad20",
    "data": [
      {
        "text": "okbye",
        "userDefined": false
      }
    ],
    "isTemplate": false,
    "count": 0,
    "lang": "en",
    "updated": 0
  },
  {
    "id": "760eadbf-6a2f-4301-abb9-8a0e1bcdfd26",
    "data": [
      {
        "text": "byeee",
        "userDefined": false
      }
    ],
    "isTemplate": false,
    "count": 0,
    "lang": "en",
    "updated": 0
  },
  {
    "id": "12b5cef2-1c5e-4764-bd7a-9ea41c8c0d2f",
    "data": [
      {
        "text": "k bye",
        "userDefined": false
      }
    ],
    "isTemplate": false,
    "count": 0,
    "lang": "en",
    "updated": 0
  },
  {
    "id": "d45e173a-435b-4f67-a25b-7d88befc2f29",
    "data": [
      {
        "text": "ok bye",
        "userDefined": false
      }
    ],
    "isTemplate": false,
    "count": 0,
    "lang": "en",
    "updated": 0
  },
  {
    "id": "37a6da10-2656-44ae-aa90-b630ef26c1ea",
    "data": [
      {
        "text": "ciao",
        "userDefined": false
      }
    ],
    "isTemplate": false,
    "count": 0,
    "lang": "en",
    "updated": 0
  },
  {
    "id": "8355404d-c8d2-40a1-a7ca-582076176444",
    "data": [
      {
        "text": "have a great day",
        "userDefined": false
      }
    ],
    "isTemplate": false,
    "count": 0,
    "lang": "en",
    "updated": 0
  },
  {
    "id": "c8ab140f-f306-435e-ab09-38ee31c1a8b7",
    "data": [
      {
        "text": "good day",
        "userDefined": false
      }
    ],
    "isTemplate": false,
    "count": 0,
    "lang": "en",
    "updated": 0
  },
  {
    "id": "68f17fde-9004-44a8-a11d-f6eb88bdb112",
    "data": [
      {
        "text": "have a nice day",
        "userDefined": false
      }
    ],
    "isTemplate": false,
    "count": 0,
    "lang": "en",
    "updated": 0
  },
  {
    "id": "6aacb51b-8af8-4559-b5e4-a9527f43d9c0",
    "data": [
      {
        "text": "have a good day",
        "userDefined": false
      }
    ],
    "isTemplate": false,
    "count": 0,
    "lang": "en",
    "updated": 0
  },
  {
    "id": "30c868e5-c32c-48be-b3a3-c05c8696844f",
    "data": [
      {
        "text": "good bye",
        "userDefined": false
      }
    ],
    "isTemplate": false,
    "count": 0,
    "lang": "en",
    "updated": 0
  },
  {
    "id": "5c5e5f71-393c-4f18-9932-02f91067d727",
    "data": [
      {
        "text": "goodbye",
        "userDefined": false
      }
    ],
    "isTemplate": false,
    "count": 0,
    "lang": "en",
    "updated": 0
  },
  {
    "id": "024efb7e-6bfb-40e2-885e-8e6f3ef9f110",
    "data": [
      {
        "text": "bbye",
        "userDefined": false
      }
    ],
    "isTemplate": false,
    "count": 0,
    "lang": "en",
    "updated": 0
  },
  {
    "id": "9f5cb183-6265-4158-af7c-524d7add108e",
    "data": [
      {
        "text": "bye-bye",
        "userDefined": false
      }
    ],
    "isTemplate": false,
    "count": 0,
    "lang": "en",
    "updated": 0
  },
  {
    "id": "fda55ee8-940e-41c0-b199-e4bed2b07c94",
    "data": [
      {
        "text": "bye bye",
        "userDefined": false
      }
    ],
    "isTemplate": false,
    "count": 0,
    "lang": "en",
    "updated": 0
  },
  {
    "id": "d62a3b06-916e-4c5c-9af8-c8cd8965f4d2",
    "data": [
      {
        "text": "bye",
        "userDefined": false
      }
    ],
    "isTemplate": false,
    "count": 0,
    "lang": "en",
    "updated": 0
  }
]