[
  {
    "id": "8f1d5edb-c3be-4b25-aeb5-9fe436dfa32d",
    "data": [
      {
        "text": "Is there any ",
        "userDefined": false
      },
      {
        "text": "college magazine",
        "meta": "@collegeMagazine",
        "alias": "collegemagazine",
        "userDefined": false
      }
    ],
    "isTemplate": false,
    "count": 1,
    "lang": "en",
    "updated": 0
  },
  {
    "id": "53cde875-2337-4727-ad11-e503c5e725b0",
    "data": [
      {
        "text": "College magazine",
        "meta": "@collegeMagazine",
        "alias": "collegemagazine",
        "userDefined": false
      }
    ],
    "isTemplate": false,
    "count": 0,
    "lang": "en",
    "updated": 0
  }
]