[
  {
    "id": "09c1a345-027e-42e3-bf55-ca8217956089",
    "data": [
      {
        "text": "what was the highest ",
        "userDefined": false
      },
      {
        "text": "base pay",
        "meta": "@placements",
        "alias": "placements",
        "userDefined": true
      },
      {
        "text": " for cse in ",
        "userDefined": false
      },
      {
        "text": "2020",
        "userDefined": false
      }
    ],
    "isTemplate": false,
    "count": 0,
    "lang": "en",
    "updated": 0
  },
  {
    "id": "9986949b-70fc-47b2-8c0d-040c1300ecfa",
    "data": [
      {
        "text": "placements",
        "meta": "@placements",
        "alias": "placements",
        "userDefined": true
      }
    ],
    "isTemplate": false,
    "count": 0,
    "lang": "en",
    "updated": 0
  },
  {
    "id": "c8b77ba9-7ab9-4459-915d-f6cfecc38ec4",
    "data": [
      {
        "text": "Are there any college placements here?",
        "userDefined": false
      }
    ],
    "isTemplate": false,
    "count": 0,
    "lang": "en",
    "updated": 0
  },
  {
    "id": "3271dd29-9905-42ca-a21f-02ec6efdcd30",
    "data": [
      {
        "text": "Give me details about your college placements",
        "userDefined": false
      }
    ],
    "isTemplate": false,
    "count": 0,
    "lang": "en",
    "updated": 0
  },
  {
    "id": "fa88c43c-6557-4bc8-be3e-a7990f39a72c",
    "data": [
      {
        "text": "college placements",
        "userDefined": false
      }
    ],
    "isTemplate": false,
    "count": 0,
    "lang": "en",
    "updated": 0
  },
  {
    "id": "7e4cfad2-5c73-438e-ae53-37420a6bbb0d",
    "data": [
      {
        "text": "What are college placements like?",
        "userDefined": false
      }
    ],
    "isTemplate": false,
    "count": 0,
    "lang": "en",
    "updated": 0
  },
  {
    "id": "ac422628-7459-42d9-bec0-857271cf68e5",
    "data": [
      {
        "text": "What are the college placements",
        "userDefined": false
      }
    ],
    "isTemplate": false,
    "count": 0,
    "lang": "en",
    "updated": 0
  }
]