[
  {
    "id": "de59b103-9e15-4e83-aab6-c2ddc322c4ce",
    "data": [
      {
        "text": "College timings",
        "meta": "@collegeTimings",
        "alias": "collegeTimings",
        "userDefined": true
      }
    ],
    "isTemplate": false,
    "count": 0,
    "lang": "en",
    "updated": 0
  },
  {
    "id": "6d119073-b57c-4ff6-9460-8e95bf45790b",
    "data": [
      {
        "text": "At what time college closes?",
        "userDefined": false
      }
    ],
    "isTemplate": false,
    "count": 0,
    "lang": "en",
    "updated": 0
  },
  {
    "id": "2f052a03-0993-4862-919c-05dda995c35f",
    "data": [
      {
        "text": "At what time college starts?",
        "userDefined": false
      }
    ],
    "isTemplate": false,
    "count": 1,
    "lang": "en",
    "updated": 0
  },
  {
    "id": "b39bb8f5-4643-44eb-83f0-6431ed2444ff",
    "data": [
      {
        "text": "What are the college timings",
        "userDefined": false
      }
    ],
    "isTemplate": false,
    "count": 1,
    "lang": "en",
    "updated": 0
  },
  {
    "id": "fb877659-812b-4514-8142-ab8275332fab",
    "data": [
      {
        "text": "What is the college timing",
        "userDefined": false
      }
    ],
    "isTemplate": false,
    "count": 0,
    "lang": "en",
    "updated": 0
  },
  {
    "id": "60486ef3-78dc-4f78-9974-6f2fab4f9911",
    "data": [
      {
        "text": "Give me the college timings",
        "userDefined": false
      }
    ],
    "isTemplate": false,
    "count": 0,
    "lang": "en",
    "updated": 0
  },
  {
    "id": "c828a12f-3d4c-4229-b478-1a996b0eeeda",
    "data": [
      {
        "text": "What are your college timings?",
        "userDefined": false
      }
    ],
    "isTemplate": false,
    "count": 0,
    "lang": "en",
    "updated": 0
  }
]