[
  {
    "id": "16662a42-875a-4f65-8af1-f2438fbfc78f",
    "data": [
      {
        "text": "I cant find the college",
        "userDefined": false
      }
    ],
    "isTemplate": false,
    "count": 0,
    "lang": "en",
    "updated": 0
  },
  {
    "id": "a0089404-36d5-4334-9e28-74e763571506",
    "data": [
      {
        "text": "I cant find pccoer",
        "userDefined": false
      }
    ],
    "isTemplate": false,
    "count": 0,
    "lang": "en",
    "updated": 0
  },
  {
    "id": "49f058f0-1f44-4832-a7c8-521d61b570cd",
    "data": [
      {
        "text": "How to reach the college",
        "userDefined": false
      }
    ],
    "isTemplate": false,
    "count": 0,
    "lang": "en",
    "updated": 0
  },
  {
    "id": "2aff3787-dab9-422b-82da-65588c8e242c",
    "data": [
      {
        "text": "how to reach out",
        "userDefined": false
      }
    ],
    "isTemplate": false,
    "count": 0,
    "lang": "en",
    "updated": 0
  },
  {
    "id": "674e77c7-54e3-4523-a8d7-1cb0ddc95e7c",
    "data": [
      {
        "text": "connect me with college",
        "userDefined": false
      }
    ],
    "isTemplate": false,
    "count": 0,
    "lang": "en",
    "updated": 0
  },
  {
    "id": "aa4e99d1-e838-49de-83f4-17cf75bb4d33",
    "data": [
      {
        "text": "Connect me with college office",
        "userDefined": false
      }
    ],
    "isTemplate": false,
    "count": 0,
    "lang": "en",
    "updated": 0
  },
  {
    "id": "748adf04-a76e-4c44-9ca5-f588aee71908",
    "data": [
      {
        "text": "I want to speak with a college official",
        "userDefined": false
      }
    ],
    "isTemplate": false,
    "count": 0,
    "lang": "en",
    "updated": 0
  },
  {
    "id": "b2a280e7-e2f7-4e52-8276-70336a42b224",
    "data": [
      {
        "text": "I want to enquire more with college official",
        "userDefined": false
      }
    ],
    "isTemplate": false,
    "count": 0,
    "lang": "en",
    "updated": 0
  },
  {
    "id": "3c84bb96-c95c-4a87-b365-dd7b8337d99f",
    "data": [
      {
        "text": "how do i contact the college",
        "userDefined": false
      }
    ],
    "isTemplate": false,
    "count": 0,
    "lang": "en",
    "updated": 0
  },
  {
    "id": "d7330428-81cb-471c-9a02-5b17bfdd42d0",
    "data": [
      {
        "text": "college contact information",
        "userDefined": false
      }
    ],
    "isTemplate": false,
    "count": 0,
    "lang": "en",
    "updated": 0
  },
  {
    "id": "62ff9bea-ec74-4158-b0b7-fca28d90bc07",
    "data": [
      {
        "text": "I want to contact the college for more enquiry",
        "userDefined": false
      }
    ],
    "isTemplate": false,
    "count": 0,
    "lang": "en",
    "updated": 0
  },
  {
    "id": "47e775d3-9eeb-4450-9643-c37dd8824fa2",
    "data": [
      {
        "text": "contact",
        "userDefined": false
      }
    ],
    "isTemplate": false,
    "count": 0,
    "lang": "en",
    "updated": 0
  },
  {
    "id": "e2d8d850-150d-4750-bf56-838c19a0013e",
    "data": [
      {
        "text": "contact the college",
        "userDefined": false
      }
    ],
    "isTemplate": false,
    "count": 0,
    "lang": "en",
    "updated": 0
  },
  {
    "id": "c1d811a3-f4fb-4965-888c-56384c7f66a5",
    "data": [
      {
        "text": "Contact your college",
        "userDefined": false
      }
    ],
    "isTemplate": false,
    "count": 0,
    "lang": "en",
    "updated": 0
  }
]