[
  {
    "id": "f33ae460-6a7b-4f79-8308-d9ef34e147b6",
    "data": [
      {
        "text": "courses",
        "userDefined": false
      }
    ],
    "isTemplate": false,
    "count": 1,
    "lang": "en",
    "updated": 0
  },
  {
    "id": "4a49ca2b-8b05-40c3-a526-257d42d6694c",
    "data": [
      {
        "text": "courses available",
        "userDefined": false
      }
    ],
    "isTemplate": false,
    "count": 0,
    "lang": "en",
    "updated": 0
  },
  {
    "id": "6d58e926-8e95-4c69-a69c-28b8901b62d6",
    "data": [
      {
        "text": "what courses are available",
        "userDefined": false
      }
    ],
    "isTemplate": false,
    "count": 0,
    "lang": "en",
    "updated": 0
  },
  {
    "id": "d813847e-951c-449e-8132-6fc99acf59b4",
    "data": [
      {
        "text": "courses provided",
        "userDefined": false
      }
    ],
    "isTemplate": false,
    "count": 0,
    "lang": "en",
    "updated": 0
  },
  {
    "id": "3107390d-d544-4361-b61c-a444e18b0ff6",
    "data": [
      {
        "text": "courses offered",
        "userDefined": false
      }
    ],
    "isTemplate": false,
    "count": 0,
    "lang": "en",
    "updated": 0
  }
]