[
  {
    "id": "974baf75-88ff-48c3-9493-77f40e7fb488",
    "data": [
      {
        "text": "cutoff",
        "meta": "@cutoff",
        "alias": "cutoff",
        "userDefined": true
      }
    ],
    "isTemplate": false,
    "count": 0,
    "lang": "en",
    "updated": 0
  },
  {
    "id": "f224aebe-c41b-4d30-bdae-96bca5d361f5",
    "data": [
      {
        "text": "minimum qualifying marks for mht cet",
        "userDefined": false
      }
    ],
    "isTemplate": false,
    "count": 1,
    "lang": "en",
    "updated": 0
  },
  {
    "id": "3cccbbd4-e382-4afc-8a3e-9722ffc276a2",
    "data": [
      {
        "text": "eligibility marks for mht cet",
        "userDefined": false
      }
    ],
    "isTemplate": false,
    "count": 0,
    "lang": "en",
    "updated": 0
  },
  {
    "id": "058fc00f-d88c-4123-b8d2-d2de598e0406",
    "data": [
      {
        "text": "cutoff for cet",
        "userDefined": false
      }
    ],
    "isTemplate": false,
    "count": 0,
    "lang": "en",
    "updated": 0
  },
  {
    "id": "84eff3a5-08f6-4c15-a0a0-ceabb34e8286",
    "data": [
      {
        "text": "eligibility percentage",
        "userDefined": false
      }
    ],
    "isTemplate": false,
    "count": 0,
    "lang": "en",
    "updated": 0
  },
  {
    "id": "81111694-f73a-4bc4-a686-451d69a2185a",
    "data": [
      {
        "text": "eligibility marks",
        "userDefined": false
      }
    ],
    "isTemplate": false,
    "count": 0,
    "lang": "en",
    "updated": 0
  },
  {
    "id": "0c1cbfc0-a67c-406e-8c24-da0f40164883",
    "data": [
      {
        "text": "What are eligibility marks for admission?",
        "userDefined": false
      }
    ],
    "isTemplate": false,
    "count": 0,
    "lang": "en",
    "updated": 0
  },
  {
    "id": "37117173-fa89-47de-bd36-97cc8cfd8c4d",
    "data": [
      {
        "text": "what is the minimum cutoff required for entc branch?",
        "userDefined": false
      }
    ],
    "isTemplate": false,
    "count": 0,
    "lang": "en",
    "updated": 0
  },
  {
    "id": "cf20bcbd-d6a6-49fe-aed1-febfd7425976",
    "data": [
      {
        "text": "what is the minimum cutoff required for civil branch?",
        "userDefined": false
      }
    ],
    "isTemplate": false,
    "count": 0,
    "lang": "en",
    "updated": 0
  },
  {
    "id": "ad3435ce-019a-4389-b9ee-fdb9545af923",
    "data": [
      {
        "text": "what is the minimum cutoff required for mechanical branch?",
        "userDefined": false
      }
    ],
    "isTemplate": false,
    "count": 0,
    "lang": "en",
    "updated": 0
  },
  {
    "id": "14ba8edf-de74-41f8-b94d-7971927b0321",
    "data": [
      {
        "text": "what is the minimum cutoff required for computer branch?",
        "userDefined": false
      }
    ],
    "isTemplate": false,
    "count": 0,
    "lang": "en",
    "updated": 0
  },
  {
    "id": "333ef461-70c7-42c0-9c92-dc1a05bc20ec",
    "data": [
      {
        "text": "cutoff percentage",
        "userDefined": false
      }
    ],
    "isTemplate": false,
    "count": 0,
    "lang": "en",
    "updated": 0
  },
  {
    "id": "17441729-9620-4eeb-b899-1047d78efd98",
    "data": [
      {
        "text": "cutoff marks",
        "userDefined": false
      }
    ],
    "isTemplate": false,
    "count": 0,
    "lang": "en",
    "updated": 0
  },
  {
    "id": "ff9d92e0-63f6-4f3f-9247-5c14e208e730",
    "data": [
      {
        "text": "minimum cutoff",
        "userDefined": false
      }
    ],
    "isTemplate": false,
    "count": 0,
    "lang": "en",
    "updated": 0
  },
  {
    "id": "02abafdb-cad4-4f72-8d1d-80e7fdec9dbb",
    "data": [
      {
        "text": "Minimum marks",
        "userDefined": false
      }
    ],
    "isTemplate": false,
    "count": 0,
    "lang": "en",
    "updated": 0
  },
  {
    "id": "75bc7f6f-637b-4f1b-a7c7-6254f1c4ec60",
    "data": [
      {
        "text": "cut - off",
        "userDefined": false
      }
    ],
    "isTemplate": false,
    "count": 0,
    "lang": "en",
    "updated": 0
  },
  {
    "id": "650530bc-f44e-41dd-ac88-f4984626fdc2",
    "data": [
      {
        "text": "cut-off",
        "userDefined": false
      }
    ],
    "isTemplate": false,
    "count": 0,
    "lang": "en",
    "updated": 0
  },
  {
    "id": "254581a0-95da-45c3-af24-3a0aeb7248bb",
    "data": [
      {
        "text": "cut off",
        "userDefined": false
      }
    ],
    "isTemplate": false,
    "count": 1,
    "lang": "en",
    "updated": 0
  }
]