[
  {
    "id": "e5809b1f-3994-4ddf-b516-96de466b71c1",
    "data": [
      {
        "text": "Do you have any ",
        "userDefined": false
      },
      {
        "text": "days",
        "meta": "@days",
        "alias": "days",
        "userDefined": false
      },
      {
        "text": "?",
        "userDefined": false
      }
    ],
    "isTemplate": false,
    "count": 0,
    "lang": "en",
    "updated": 0
  },
  {
    "id": "81a39bd2-9989-4dfd-9269-cc95337a75ed",
    "data": [
      {
        "text": "does college have any ",
        "userDefined": false
      },
      {
        "text": "college fests",
        "meta": "@days",
        "alias": "days",
        "userDefined": false
      },
      {
        "text": "?",
        "userDefined": false
      }
    ],
    "isTemplate": false,
    "count": 0,
    "lang": "en",
    "updated": 0
  }
]