[
  {
    "id": "04c7e72f-2308-4fcf-941c-6b691ac42233",
    "data": [
      {
        "text": "Documents",
        "meta": "@documents",
        "alias": "documents",
        "userDefined": true
      }
    ],
    "isTemplate": false,
    "count": 0,
    "lang": "en",
    "updated": 0
  },
  {
    "id": "fe866672-215d-4986-9bf2-66e29bfba031",
    "data": [
      {
        "text": "documents for admission",
        "userDefined": false
      }
    ],
    "isTemplate": false,
    "count": 1,
    "lang": "en",
    "updated": 0
  },
  {
    "id": "f1e7c22f-54af-4d21-8e58-5803fa3998fa",
    "data": [
      {
        "text": "What documents are required while taking admission?",
        "userDefined": false
      }
    ],
    "isTemplate": false,
    "count": 0,
    "lang": "en",
    "updated": 0
  },
  {
    "id": "84ffd14f-983b-46ee-bf66-be666b7efe54",
    "data": [
      {
        "text": "Number of documents required",
        "userDefined": false
      }
    ],
    "isTemplate": false,
    "count": 0,
    "lang": "en",
    "updated": 0
  },
  {
    "id": "fc59ead0-1d25-44eb-bd5a-d095c220c2af",
    "data": [
      {
        "text": "Various documents required",
        "userDefined": false
      }
    ],
    "isTemplate": false,
    "count": 0,
    "lang": "en",
    "updated": 0
  },
  {
    "id": "43f37553-99c7-4cdf-94b2-155d01bed7eb",
    "data": [
      {
        "text": "list of documents required for admission",
        "userDefined": false
      }
    ],
    "isTemplate": false,
    "count": 0,
    "lang": "en",
    "updated": 0
  },
  {
    "id": "541c6d49-7b38-4171-8200-28e9372d4ba2",
    "data": [
      {
        "text": "Documents list",
        "userDefined": false
      }
    ],
    "isTemplate": false,
    "count": 0,
    "lang": "en",
    "updated": 0
  },
  {
    "id": "6d38a3bf-e82c-4754-baa2-c88e4a461f40",
    "data": [
      {
        "text": "documents required for admission in ",
        "userDefined": false
      },
      {
        "text": "first",
        "userDefined": false
      },
      {
        "text": " year",
        "userDefined": false
      }
    ],
    "isTemplate": false,
    "count": 0,
    "lang": "en",
    "updated": 0
  },
  {
    "id": "ef918b6a-a0df-402c-b324-e1c589e09c41",
    "data": [
      {
        "text": "Documents required",
        "userDefined": false
      }
    ],
    "isTemplate": false,
    "count": 0,
    "lang": "en",
    "updated": 0
  },
  {
    "id": "44614fec-6c63-4c92-a359-7947b4a69ae3",
    "data": [
      {
        "text": "What are the documents required for admission process?",
        "userDefined": false
      }
    ],
    "isTemplate": false,
    "count": 0,
    "lang": "en",
    "updated": 0
  }
]