[
  {
    "id": "bc311ef9-c3b5-4dd5-ab85-a5e0a4af9641",
    "data": [
      {
        "text": "are original ",
        "userDefined": false
      },
      {
        "text": "documents necessary",
        "userDefined": false
      }
    ],
    "isTemplate": false,
    "count": 0,
    "lang": "en",
    "updated": 0
  },
  {
    "id": "4265b1aa-fa24-437e-996a-7d0ee8a2aad5",
    "data": [
      {
        "text": "do i need ",
        "userDefined": false
      },
      {
        "text": "original documents",
        "userDefined": false
      }
    ],
    "isTemplate": false,
    "count": 0,
    "lang": "en",
    "updated": 0
  },
  {
    "id": "698c1482-48fe-4a45-b020-2a79efed2e60",
    "data": [
      {
        "text": "should i carry ",
        "userDefined": false
      },
      {
        "text": "original documents",
        "userDefined": false
      },
      {
        "text": " with me?",
        "userDefined": false
      }
    ],
    "isTemplate": false,
    "count": 0,
    "lang": "en",
    "updated": 0
  },
  {
    "id": "4190f748-31cb-4ab4-9806-5f3c63eb5e1e",
    "data": [
      {
        "text": "should i carry the ",
        "userDefined": false
      },
      {
        "text": "original documents",
        "userDefined": false
      },
      {
        "text": " with me?",
        "userDefined": false
      }
    ],
    "isTemplate": false,
    "count": 0,
    "lang": "en",
    "updated": 0
  },
  {
    "id": "9eea1ff6-c6db-44a8-8628-74059789639d",
    "data": [
      {
        "text": "should i carry the ",
        "userDefined": false
      },
      {
        "text": "original documents",
        "userDefined": false
      },
      {
        "text": "?",
        "userDefined": false
      }
    ],
    "isTemplate": false,
    "count": 0,
    "lang": "en",
    "updated": 0
  }
]