[
  {
    "id": "5538d82e-f5c5-4321-b520-58b0e3118968",
    "data": [
      {
        "text": "what is the ",
        "userDefined": false
      },
      {
        "text": "eligibility criteria",
        "meta": "@eligibilityCriteria",
        "alias": "eligibilityCriteria",
        "userDefined": true
      },
      {
        "text": " to be admitted in the PCCOER?",
        "userDefined": false
      }
    ],
    "isTemplate": false,
    "count": 0,
    "lang": "en",
    "updated": 0
  },
  {
    "id": "107e65ae-d135-4017-a064-eb19ed3c0055",
    "data": [
      {
        "text": "eligibility criteria",
        "meta": "@eligibilityCriteria",
        "alias": "eligibilityCriteria",
        "userDefined": true
      }
    ],
    "isTemplate": false,
    "count": 0,
    "lang": "en",
    "updated": 0
  },
  {
    "id": "fad2c1b9-9ba9-4a52-b0a1-b4087db67f5d",
    "data": [
      {
        "text": "what is the eligibility for admission?",
        "userDefined": false
      }
    ],
    "isTemplate": false,
    "count": 0,
    "lang": "en",
    "updated": 0
  },
  {
    "id": "22065ea2-1119-4215-9256-b1feec104bb6",
    "data": [
      {
        "text": "what is the eligibility criteria for admission?",
        "userDefined": false
      }
    ],
    "isTemplate": false,
    "count": 0,
    "lang": "en",
    "updated": 0
  },
  {
    "id": "d47c4ffe-a843-4c9c-b991-e199e0a0416d",
    "data": [
      {
        "text": "criteria for admission",
        "userDefined": false
      }
    ],
    "isTemplate": false,
    "count": 0,
    "lang": "en",
    "updated": 0
  },
  {
    "id": "92c89ce7-80c4-441a-b757-beae0fcc287d",
    "data": [
      {
        "text": "criteria",
        "userDefined": false
      }
    ],
    "isTemplate": false,
    "count": 1,
    "lang": "en",
    "updated": 0
  },
  {
    "id": "c2196b2b-a43b-426d-a2a1-672b1c1bf673",
    "data": [
      {
        "text": "eligibility",
        "userDefined": false
      }
    ],
    "isTemplate": false,
    "count": 0,
    "lang": "en",
    "updated": 0
  }
]