[
  {
    "id": "a4485608-1649-4735-919b-b8fe6daa7083",
    "data": [
      {
        "text": "what are the ",
        "userDefined": false
      },
      {
        "text": "events",
        "meta": "@events",
        "alias": "events",
        "userDefined": false
      },
      {
        "text": " held in the college?",
        "userDefined": false
      }
    ],
    "isTemplate": false,
    "count": 0,
    "lang": "en",
    "updated": 0
  },
  {
    "id": "60ba58cb-7686-4432-bac8-389b0a2a58d9",
    "data": [
      {
        "text": "are any ",
        "userDefined": false
      },
      {
        "text": "events",
        "meta": "@events",
        "alias": "events",
        "userDefined": false
      },
      {
        "text": " held in the college?",
        "userDefined": false
      }
    ],
    "isTemplate": false,
    "count": 0,
    "lang": "en",
    "updated": 0
  },
  {
    "id": "98c5edea-7812-43d5-aebd-506bb77c96d3",
    "data": [
      {
        "text": "events",
        "meta": "@events",
        "alias": "events",
        "userDefined": false
      }
    ],
    "isTemplate": false,
    "count": 0,
    "lang": "en",
    "updated": 0
  }
]