[
  {
    "id": "c2705aeb-7455-46f3-9360-6b157ff14f16",
    "data": [
      {
        "text": "exams accepted",
        "meta": "@examsAccepted",
        "alias": "examsAccepted",
        "userDefined": true
      }
    ],
    "isTemplate": false,
    "count": 0,
    "lang": "en",
    "updated": 0
  },
  {
    "id": "921d092b-2afb-41d1-a535-2d8a88ccca66",
    "data": [
      {
        "text": "Which scorecards are accepted?",
        "userDefined": false
      }
    ],
    "isTemplate": false,
    "count": 0,
    "lang": "en",
    "updated": 0
  },
  {
    "id": "6d4d25ff-569e-4da2-a89e-8dff5738a4cc",
    "data": [
      {
        "text": "Which score is accepted?",
        "userDefined": false
      }
    ],
    "isTemplate": false,
    "count": 0,
    "lang": "en",
    "updated": 0
  },
  {
    "id": "e2b87c59-4d12-4fa4-a18c-8a1952b98766",
    "data": [
      {
        "text": "Which Exam accepted?",
        "userDefined": false
      }
    ],
    "isTemplate": false,
    "count": 0,
    "lang": "en",
    "updated": 0
  },
  {
    "id": "00c9554c-0900-4eb9-a935-e37e687321b5",
    "data": [
      {
        "text": "Which exam results are being accepted?",
        "userDefined": false
      }
    ],
    "isTemplate": false,
    "count": 0,
    "lang": "en",
    "updated": 0
  },
  {
    "id": "4fa675f7-db38-40f8-a5b4-a244d61ae284",
    "data": [
      {
        "text": "Which exams are accepted?",
        "userDefined": false
      }
    ],
    "isTemplate": false,
    "count": 0,
    "lang": "en",
    "updated": 0
  }
]