[
  {
    "id": "f3e9ff54-3143-4c0d-b91e-f1db647f9ac8",
    "data": [
      {
        "text": "Faculty",
        "meta": "@facultyStaffPrincipal",
        "alias": "facultyStaffPrincipal",
        "userDefined": true
      }
    ],
    "isTemplate": false,
    "count": 0,
    "lang": "en",
    "updated": 0
  },
  {
    "id": "1908dfbd-7b68-466c-8657-2692d2c72e7b",
    "data": [
      {
        "text": "PCCOER Principal",
        "userDefined": false
      }
    ],
    "isTemplate": false,
    "count": 0,
    "lang": "en",
    "updated": 0
  },
  {
    "id": "1bbf8378-7b69-48f0-9ee1-76ba39b4bdd7",
    "data": [
      {
        "text": "Name of the college principal",
        "userDefined": false
      }
    ],
    "isTemplate": false,
    "count": 0,
    "lang": "en",
    "updated": 0
  },
  {
    "id": "6dee78d9-4b84-4cae-a101-29f2940dcf02",
    "data": [
      {
        "text": "Principal Sir",
        "userDefined": false
      }
    ],
    "isTemplate": false,
    "count": 0,
    "lang": "en",
    "updated": 0
  },
  {
    "id": "f29f7102-c882-4ee2-b16e-e3e606c93080",
    "data": [
      {
        "text": "Principle",
        "userDefined": false
      }
    ],
    "isTemplate": false,
    "count": 0,
    "lang": "en",
    "updated": 0
  },
  {
    "id": "a10764b9-43d4-47d1-ab32-d36e062430b7",
    "data": [
      {
        "text": "Principal?",
        "userDefined": false
      }
    ],
    "isTemplate": false,
    "count": 0,
    "lang": "en",
    "updated": 0
  },
  {
    "id": "6aea8065-b1ad-483e-8749-f8435408f59f",
    "data": [
      {
        "text": "Who is the Principal?",
        "userDefined": false
      }
    ],
    "isTemplate": false,
    "count": 0,
    "lang": "en",
    "updated": 0
  },
  {
    "id": "33b9854e-c741-4d69-881f-755ec059c595",
    "data": [
      {
        "text": "Faculty and staff",
        "userDefined": false
      }
    ],
    "isTemplate": false,
    "count": 1,
    "lang": "en",
    "updated": 0
  },
  {
    "id": "1926f9ac-e930-4105-82f1-7fcc2f7c6488",
    "data": [
      {
        "text": "department faculty",
        "userDefined": false
      }
    ],
    "isTemplate": false,
    "count": 0,
    "lang": "en",
    "updated": 0
  },
  {
    "id": "4e52b6b2-71ea-464d-9200-68452bef7b8d",
    "data": [
      {
        "text": "department staff",
        "userDefined": false
      }
    ],
    "isTemplate": false,
    "count": 0,
    "lang": "en",
    "updated": 0
  },
  {
    "id": "8330d5d9-ba40-44b9-9f99-96e76a4955d2",
    "data": [
      {
        "text": "what is the college staff",
        "userDefined": false
      }
    ],
    "isTemplate": false,
    "count": 0,
    "lang": "en",
    "updated": 0
  },
  {
    "id": "7a5ed2ef-b880-481f-8b76-4cef13545d21",
    "data": [
      {
        "text": "What is the faculty like?",
        "userDefined": false
      }
    ],
    "isTemplate": false,
    "count": 0,
    "lang": "en",
    "updated": 0
  },
  {
    "id": "e0ddb907-5d3b-40d6-ba9c-24b369ece7f2",
    "data": [
      {
        "text": "Teachers",
        "userDefined": false
      }
    ],
    "isTemplate": false,
    "count": 0,
    "lang": "en",
    "updated": 0
  },
  {
    "id": "d765e91d-1948-477d-a0df-36c04d36dff1",
    "data": [
      {
        "text": "Professor",
        "userDefined": false
      }
    ],
    "isTemplate": false,
    "count": 1,
    "lang": "en",
    "updated": 0
  },
  {
    "id": "9116ef54-22a4-49d1-b44b-5762e735f450",
    "data": [
      {
        "text": "Staff",
        "userDefined": false
      }
    ],
    "isTemplate": false,
    "count": 0,
    "lang": "en",
    "updated": 0
  },
  {
    "id": "4518b4c1-a12f-46d0-8ad6-9d9d483750ef",
    "data": [
      {
        "text": "Tell me about your College Staff",
        "userDefined": false
      }
    ],
    "isTemplate": false,
    "count": 0,
    "lang": "en",
    "updated": 0
  },
  {
    "id": "1f84ba5f-bde7-482b-8608-335fda2619a4",
    "data": [
      {
        "text": "Tell me about your College Faculty",
        "userDefined": false
      }
    ],
    "isTemplate": false,
    "count": 0,
    "lang": "en",
    "updated": 0
  }
]