[
  {
    "id": "b6e42771-7e70-4442-a4db-feb5c75dc341",
    "data": [
      {
        "text": "Failed in JEE",
        "meta": "@failedInJEE",
        "alias": "failedInJEE",
        "userDefined": true
      }
    ],
    "isTemplate": false,
    "count": 0,
    "lang": "en",
    "updated": 0
  },
  {
    "id": "cd14c8e8-8cd3-4198-9295-e7406eee7b8c",
    "data": [
      {
        "text": "My JEE scores aren\u0027t sufficient",
        "userDefined": false
      }
    ],
    "isTemplate": false,
    "count": 0,
    "lang": "en",
    "updated": 0
  },
  {
    "id": "f91b6018-e20d-465c-8760-b602c64563a3",
    "data": [
      {
        "text": "My JEE scores aren\u0027t great",
        "userDefined": false
      }
    ],
    "isTemplate": false,
    "count": 0,
    "lang": "en",
    "updated": 0
  },
  {
    "id": "473d2680-881d-4319-9ef0-c76ae347893c",
    "data": [
      {
        "text": "My JEE scores are not enough",
        "userDefined": false
      }
    ],
    "isTemplate": false,
    "count": 0,
    "lang": "en",
    "updated": 0
  },
  {
    "id": "0d05553e-5d9b-4dff-ac73-e49ac5c6df3e",
    "data": [
      {
        "text": "Failed in JEE Mains",
        "userDefined": false
      }
    ],
    "isTemplate": false,
    "count": 1,
    "lang": "en",
    "updated": 0
  }
]