[
  {
    "id": "401029e9-0b74-40fe-b457-8f58c99e2882",
    "data": [
      {
        "text": "failed in both",
        "meta": "@failedinboth",
        "alias": "failedinboth",
        "userDefined": true
      }
    ],
    "isTemplate": false,
    "count": 0,
    "lang": "en",
    "updated": 0
  },
  {
    "id": "98075ac4-5c4d-4e15-976b-cd7388500b43",
    "data": [
      {
        "text": "i failed in ",
        "userDefined": false
      },
      {
        "text": "12th",
        "userDefined": false
      },
      {
        "text": " as well as cet/jee",
        "userDefined": false
      }
    ],
    "isTemplate": false,
    "count": 0,
    "lang": "en",
    "updated": 0
  },
  {
    "id": "31d33cdc-fd81-4222-93db-684727007010",
    "data": [
      {
        "text": "i failed in all the exams",
        "userDefined": false
      }
    ],
    "isTemplate": false,
    "count": 0,
    "lang": "en",
    "updated": 0
  },
  {
    "id": "c1b1ee3c-2f58-4acb-bdf4-f29a4936de5e",
    "data": [
      {
        "text": "i failed in cet along with jee",
        "userDefined": false
      }
    ],
    "isTemplate": false,
    "count": 0,
    "lang": "en",
    "updated": 0
  },
  {
    "id": "34234fb9-665f-441a-8140-b2e51cae1b67",
    "data": [
      {
        "text": "i failed in jee as well as cet",
        "userDefined": false
      }
    ],
    "isTemplate": false,
    "count": 1,
    "lang": "en",
    "updated": 0
  },
  {
    "id": "3c1921d2-6123-4875-8cc5-54016071184a",
    "data": [
      {
        "text": "failed in both CET and JEE",
        "userDefined": false
      }
    ],
    "isTemplate": false,
    "count": 0,
    "lang": "en",
    "updated": 0
  },
  {
    "id": "9ec3a045-bd99-4e5a-a498-5f5232583121",
    "data": [
      {
        "text": "I am failed in both MHT CET \u0026 JEE Mains",
        "userDefined": false
      }
    ],
    "isTemplate": false,
    "count": 0,
    "lang": "en",
    "updated": 0
  },
  {
    "id": "21f53a90-d373-46a9-bc78-c76ffc04b896",
    "data": [
      {
        "text": "I am failed in both MHT CET and JEE",
        "userDefined": false
      }
    ],
    "isTemplate": false,
    "count": 0,
    "lang": "en",
    "updated": 0
  }
]