[
  {
    "id": "c5280817-af7d-47f8-aabf-1243a90cfd26",
    "data": [
      {
        "text": "12th failed",
        "meta": "@twelfthFailed",
        "alias": "twelfthFailed",
        "userDefined": true
      }
    ],
    "isTemplate": false,
    "count": 0,
    "lang": "en",
    "updated": 0
  },
  {
    "id": "fffa9407-69c9-4ed1-b7f1-8a7a65bda231",
    "data": [
      {
        "text": "twelfth",
        "userDefined": false
      },
      {
        "text": " failed",
        "userDefined": false
      }
    ],
    "isTemplate": false,
    "count": 1,
    "lang": "en",
    "updated": 0
  },
  {
    "id": "425e67cf-e6d6-4cb1-82c5-9d5138a129aa",
    "data": [
      {
        "text": "What if I am failed in twelfth?",
        "userDefined": false
      }
    ],
    "isTemplate": false,
    "count": 0,
    "lang": "en",
    "updated": 0
  },
  {
    "id": "a87b100e-9acc-4fd1-8dce-29efbcb8d3c6",
    "data": [
      {
        "text": "What if I am failed in ",
        "userDefined": false
      },
      {
        "text": "12th",
        "userDefined": false
      },
      {
        "text": "?",
        "userDefined": false
      }
    ],
    "isTemplate": false,
    "count": 0,
    "lang": "en",
    "updated": 0
  }
]