[
  {
    "id": "2cef6e70-755c-47e3-a495-0c572904665d",
    "data": [
      {
        "text": "Failed in CET",
        "meta": "@failedInCET",
        "alias": "failedInCET",
        "userDefined": true
      }
    ],
    "isTemplate": false,
    "count": 0,
    "lang": "en",
    "updated": 0
  },
  {
    "id": "ea6dec07-7868-496b-a19f-fe5b0c6a88f4",
    "data": [
      {
        "text": "CET scores or marks are not great",
        "userDefined": false
      }
    ],
    "isTemplate": false,
    "count": 0,
    "lang": "en",
    "updated": 0
  },
  {
    "id": "4271c02b-ad60-4f32-852c-364353ce78da",
    "data": [
      {
        "text": "CET scores aren\u0027t sufficient",
        "userDefined": false
      }
    ],
    "isTemplate": false,
    "count": 1,
    "lang": "en",
    "updated": 0
  },
  {
    "id": "ac68c170-d30d-446e-b63f-cadabcb6d0da",
    "data": [
      {
        "text": "CET scores aren\u0027t enough",
        "userDefined": false
      }
    ],
    "isTemplate": false,
    "count": 0,
    "lang": "en",
    "updated": 0
  },
  {
    "id": "1ac0dfd3-801d-45ba-9123-49537f239f21",
    "data": [
      {
        "text": "I scored very low in CET",
        "userDefined": false
      }
    ],
    "isTemplate": false,
    "count": 0,
    "lang": "en",
    "updated": 0
  },
  {
    "id": "c2ff2c79-2639-411b-8948-f7bbe9e35904",
    "data": [
      {
        "text": "I scored very low in MHT CET",
        "userDefined": false
      }
    ],
    "isTemplate": false,
    "count": 0,
    "lang": "en",
    "updated": 0
  },
  {
    "id": "686ddf3e-d7c3-4f3e-bc28-4bc5da4b839d",
    "data": [
      {
        "text": "Failed in MHT CET",
        "userDefined": false
      }
    ],
    "isTemplate": false,
    "count": 1,
    "lang": "en",
    "updated": 0
  }
]