[
  {
    "id": "f5efb82b-ce6f-4ead-9faa-85d5701c921f",
    "data": [
      {
        "text": "Fee Structure",
        "meta": "@feeStructure",
        "alias": "feeStructure",
        "userDefined": true
      }
    ],
    "isTemplate": false,
    "count": 0,
    "lang": "en",
    "updated": 0
  },
  {
    "id": "cd0e62ce-d376-43fe-9a1c-fb41254a6b10",
    "data": [
      {
        "text": "fees for the college",
        "userDefined": false
      }
    ],
    "isTemplate": false,
    "count": 0,
    "lang": "en",
    "updated": 0
  },
  {
    "id": "90a38e56-d20d-4175-8e22-5dde051b25c7",
    "data": [
      {
        "text": "fees for the degree program",
        "userDefined": false
      }
    ],
    "isTemplate": false,
    "count": 0,
    "lang": "en",
    "updated": 0
  },
  {
    "id": "4ddc3e0c-9357-4829-b0c8-542952717eae",
    "data": [
      {
        "text": "fees for first year",
        "userDefined": false
      }
    ],
    "isTemplate": false,
    "count": 0,
    "lang": "en",
    "updated": 0
  },
  {
    "id": "9bf6883a-3c7d-462c-9590-b2d53c898bf7",
    "data": [
      {
        "text": "fees?",
        "userDefined": false
      }
    ],
    "isTemplate": false,
    "count": 0,
    "lang": "en",
    "updated": 0
  },
  {
    "id": "aa35b9a6-2582-439f-8a1a-9d910a3a422f",
    "data": [
      {
        "text": "fee",
        "userDefined": false
      }
    ],
    "isTemplate": false,
    "count": 0,
    "lang": "en",
    "updated": 0
  },
  {
    "id": "b2445577-09c8-4048-ba7d-6c0ffe6db3e0",
    "data": [
      {
        "text": "Fee structure for first year",
        "userDefined": false
      }
    ],
    "isTemplate": false,
    "count": 0,
    "lang": "en",
    "updated": 0
  },
  {
    "id": "0c5902c9-9808-4bc7-8465-4dd9ad1e4647",
    "data": [
      {
        "text": "Fee structure for my branch",
        "userDefined": false
      }
    ],
    "isTemplate": false,
    "count": 0,
    "lang": "en",
    "updated": 0
  },
  {
    "id": "504ce660-09d1-4b7b-9fbe-0812c33be196",
    "data": [
      {
        "text": "Fee structure for PCCOER",
        "userDefined": false
      }
    ],
    "isTemplate": false,
    "count": 0,
    "lang": "en",
    "updated": 0
  },
  {
    "id": "9d2e4dfb-0e25-4a19-9d4d-39a6cbe6b668",
    "data": [
      {
        "text": "Fee structure for the college",
        "userDefined": false
      }
    ],
    "isTemplate": false,
    "count": 1,
    "lang": "en",
    "updated": 0
  },
  {
    "id": "17c5a2ab-e5c7-481c-8d68-30c699d7eb5f",
    "data": [
      {
        "text": "What is fee structure like?",
        "userDefined": false
      }
    ],
    "isTemplate": false,
    "count": 0,
    "lang": "en",
    "updated": 0
  }
]