[
  {
    "id": "87366093-55d3-4856-8e2b-6218e5eb5006",
    "data": [
      {
        "text": "Is there any ",
        "userDefined": false
      },
      {
        "text": "park",
        "meta": "@garden",
        "alias": "garden",
        "userDefined": true
      },
      {
        "text": " available in the ",
        "userDefined": false
      },
      {
        "text": "campus",
        "userDefined": false
      },
      {
        "text": "?",
        "userDefined": false
      }
    ],
    "isTemplate": false,
    "count": 0,
    "lang": "en",
    "updated": 0
  },
  {
    "id": "8e6fde27-d302-4cac-8640-91e1dba82729",
    "data": [
      {
        "text": "Do college have a ",
        "userDefined": false
      },
      {
        "text": "lawn",
        "meta": "@garden",
        "alias": "garden",
        "userDefined": false
      },
      {
        "text": " or ",
        "userDefined": false
      },
      {
        "text": "yard",
        "meta": "@garden",
        "alias": "garden",
        "userDefined": false
      },
      {
        "text": "?",
        "userDefined": false
      }
    ],
    "isTemplate": false,
    "count": 0,
    "lang": "en",
    "updated": 0
  },
  {
    "id": "26de562a-3250-4c87-b922-370b83f62279",
    "data": [
      {
        "text": "does college has a ",
        "userDefined": false
      },
      {
        "text": "garden",
        "meta": "@garden",
        "alias": "garden",
        "userDefined": false
      },
      {
        "text": "?",
        "userDefined": false
      }
    ],
    "isTemplate": false,
    "count": 0,
    "lang": "en",
    "updated": 0
  },
  {
    "id": "ac35ccd5-8635-4753-8031-d247bc6f5a99",
    "data": [
      {
        "text": "garden",
        "meta": "@garden",
        "alias": "garden",
        "userDefined": false
      }
    ],
    "isTemplate": false,
    "count": 0,
    "lang": "en",
    "updated": 0
  }
]