[
  {
    "id": "1748849c-470d-4fda-8a38-18fb5ae239d1",
    "data": [
      {
        "text": "does your college has a ",
        "userDefined": false
      },
      {
        "text": "gym",
        "meta": "@gym",
        "alias": "gym",
        "userDefined": false
      },
      {
        "text": "?",
        "userDefined": false
      }
    ],
    "isTemplate": false,
    "count": 0,
    "lang": "en",
    "updated": 0
  },
  {
    "id": "afd249bf-90ad-4cab-aa9c-3b5ea73bdb34",
    "data": [
      {
        "text": "is ",
        "userDefined": false
      },
      {
        "text": "gym facility",
        "meta": "@gym",
        "alias": "gym",
        "userDefined": true
      },
      {
        "text": " available in the college campus?",
        "userDefined": false
      }
    ],
    "isTemplate": false,
    "count": 0,
    "lang": "en",
    "updated": 0
  },
  {
    "id": "55609cff-d44c-42b0-8bd1-20c435838ac3",
    "data": [
      {
        "text": "are ",
        "userDefined": false
      },
      {
        "text": "gyms",
        "meta": "@gym",
        "alias": "gym",
        "userDefined": true
      },
      {
        "text": " available?",
        "userDefined": false
      }
    ],
    "isTemplate": false,
    "count": 0,
    "lang": "en",
    "updated": 0
  },
  {
    "id": "fd1607db-8638-4204-a3eb-2e57f9df49a3",
    "data": [
      {
        "text": "does college has a ",
        "userDefined": false
      },
      {
        "text": "gym facility",
        "meta": "@gym",
        "alias": "gym",
        "userDefined": true
      }
    ],
    "isTemplate": false,
    "count": 0,
    "lang": "en",
    "updated": 0
  },
  {
    "id": "0de879fd-3ef2-4565-8713-9626dd64b2c7",
    "data": [
      {
        "text": "gym facilities",
        "meta": "@gym",
        "alias": "gym",
        "userDefined": true
      }
    ],
    "isTemplate": false,
    "count": 0,
    "lang": "en",
    "updated": 0
  },
  {
    "id": "e47a50cb-6cd3-4bea-8081-b8df85afcc39",
    "data": [
      {
        "text": "gym",
        "meta": "@gym",
        "alias": "gym",
        "userDefined": true
      }
    ],
    "isTemplate": false,
    "count": 0,
    "lang": "en",
    "updated": 0
  },
  {
    "id": "0c92b861-adf8-4d6c-bea0-f9fa0a2e2432",
    "data": [
      {
        "text": "facility",
        "userDefined": false
      },
      {
        "text": " for ",
        "userDefined": false
      },
      {
        "text": "athletics",
        "meta": "@gym",
        "alias": "gym",
        "userDefined": true
      }
    ],
    "isTemplate": false,
    "count": 0,
    "lang": "en",
    "updated": 0
  },
  {
    "id": "8ce282c0-a35d-4e4d-982f-d27b3a06b50c",
    "data": [
      {
        "text": "facility",
        "userDefined": false
      },
      {
        "text": " for ",
        "userDefined": false
      },
      {
        "text": "gym",
        "meta": "@gym",
        "alias": "gym",
        "userDefined": true
      }
    ],
    "isTemplate": false,
    "count": 0,
    "lang": "en",
    "updated": 0
  },
  {
    "id": "a191010b-85df-41b3-9c79-17e1297940ca",
    "data": [
      {
        "text": "do college has a ",
        "userDefined": false
      },
      {
        "text": "gym",
        "meta": "@gym",
        "alias": "gym",
        "userDefined": true
      },
      {
        "text": "?",
        "userDefined": false
      }
    ],
    "isTemplate": false,
    "count": 0,
    "lang": "en",
    "updated": 0
  }
]