[
  {
    "id": "8ca13068-65a1-468d-9fa7-99a4f7acba03",
    "data": [
      {
        "text": "who is the ",
        "userDefined": false
      },
      {
        "text": "hod",
        "meta": "@hod",
        "alias": "hod",
        "userDefined": true
      },
      {
        "text": "?",
        "userDefined": false
      }
    ],
    "isTemplate": false,
    "count": 0,
    "lang": "en",
    "updated": 0
  },
  {
    "id": "a6b9555b-3d93-49cf-820c-33fe380de2a1",
    "data": [
      {
        "text": "hod",
        "meta": "@hod",
        "alias": "hod",
        "userDefined": false
      }
    ],
    "isTemplate": false,
    "count": 0,
    "lang": "en",
    "updated": 0
  }
]