[
  {
    "id": "cbcba94a-9787-4929-a299-30ea9b95f836",
    "data": [
      {
        "text": "rent for accommodation",
        "meta": "@hostelFees",
        "alias": "hostelfees",
        "userDefined": true
      }
    ],
    "isTemplate": false,
    "count": 0,
    "lang": "en",
    "updated": 0
  },
  {
    "id": "91f337e9-2fbc-4da0-b1dd-ca2ba9d7400b",
    "data": [
      {
        "text": "Hostel rent",
        "meta": "@hostelFees",
        "alias": "hostelfees",
        "userDefined": false
      }
    ],
    "isTemplate": false,
    "count": 0,
    "lang": "en",
    "updated": 0
  },
  {
    "id": "6ccfe587-80b8-45a7-a894-33155c76be55",
    "data": [
      {
        "text": "I want to know the ",
        "userDefined": false
      },
      {
        "text": "fees for accommodation",
        "meta": "@hostelFees",
        "alias": "hostelfees",
        "userDefined": true
      }
    ],
    "isTemplate": false,
    "count": 0,
    "lang": "en",
    "updated": 0
  },
  {
    "id": "e0c6e03b-c4b4-464e-a66a-088c54582c2c",
    "data": [
      {
        "text": "I need to know ",
        "userDefined": false
      },
      {
        "text": "fees for the hostel",
        "meta": "@hostelFees",
        "alias": "hostelfees",
        "userDefined": false
      }
    ],
    "isTemplate": false,
    "count": 0,
    "lang": "en",
    "updated": 0
  },
  {
    "id": "60d0e6f9-4762-4b25-9d17-ba3b9c125e2b",
    "data": [
      {
        "text": "Tell me the ",
        "userDefined": false
      },
      {
        "text": "fees for hostel",
        "meta": "@hostelFees",
        "alias": "hostelfees",
        "userDefined": false
      }
    ],
    "isTemplate": false,
    "count": 0,
    "lang": "en",
    "updated": 0
  },
  {
    "id": "a63ab65f-3ea4-4783-8514-a8e3f2b3f873",
    "data": [
      {
        "text": "What are the ",
        "userDefined": false
      },
      {
        "text": "hostel fees",
        "meta": "@hostelFees",
        "alias": "hostelfees",
        "userDefined": false
      }
    ],
    "isTemplate": false,
    "count": 0,
    "lang": "en",
    "updated": 0
  }
]