[
  {
    "id": "0d1510de-90a9-487b-bb1b-edf764bcfba4",
    "data": [
      {
        "text": "tell me something about the ",
        "userDefined": false
      },
      {
        "text": "hostel timing",
        "meta": "@hostelTimings",
        "alias": "hosteltimings",
        "userDefined": false
      }
    ],
    "isTemplate": false,
    "count": 0,
    "lang": "en",
    "updated": 0
  },
  {
    "id": "b41875c2-3a8f-4d10-b089-94286c450b3d",
    "data": [
      {
        "text": "What are the hostel get in timings",
        "userDefined": false
      }
    ],
    "isTemplate": false,
    "count": 0,
    "lang": "en",
    "updated": 0
  },
  {
    "id": "421c3c0e-93c9-476a-899b-8bf06dcc3c02",
    "data": [
      {
        "text": "till when can we get inside or outside the hostel?",
        "userDefined": false
      }
    ],
    "isTemplate": false,
    "count": 0,
    "lang": "en",
    "updated": 0
  },
  {
    "id": "a6a74384-a144-45a4-8290-77e6a16ccac5",
    "data": [
      {
        "text": "Hostel timings",
        "meta": "@hostelTimings",
        "alias": "hosteltimings",
        "userDefined": false
      },
      {
        "text": " for boys and girls",
        "userDefined": false
      }
    ],
    "isTemplate": false,
    "count": 0,
    "lang": "en",
    "updated": 0
  },
  {
    "id": "ef6690ca-5be2-457a-843c-13ac502e8853",
    "data": [
      {
        "text": "Room timings",
        "meta": "@hostelTimings",
        "alias": "hosteltimings",
        "userDefined": false
      }
    ],
    "isTemplate": false,
    "count": 0,
    "lang": "en",
    "updated": 0
  },
  {
    "id": "a7fa2c99-40ce-4659-b07b-d3ad729ed6ec",
    "data": [
      {
        "text": "What are the ",
        "userDefined": false
      },
      {
        "text": "hostel timings",
        "meta": "@hostelTimings",
        "alias": "hosteltimings",
        "userDefined": false
      }
    ],
    "isTemplate": false,
    "count": 0,
    "lang": "en",
    "updated": 0
  },
  {
    "id": "72eb3220-20e0-4ada-8141-ed7b4358e427",
    "data": [
      {
        "text": "When does the hostel opens in the ",
        "userDefined": false
      },
      {
        "text": "morning",
        "meta": "@sys.date-time",
        "alias": "date-time",
        "userDefined": false
      }
    ],
    "isTemplate": false,
    "count": 0,
    "lang": "en",
    "updated": 0
  },
  {
    "id": "3bdcbeb0-924a-4eaa-b5b4-af7f935411f3",
    "data": [
      {
        "text": "When is the ",
        "userDefined": false
      },
      {
        "text": "hostel closed",
        "meta": "@hostelTimings",
        "alias": "hosteltimings",
        "userDefined": false
      },
      {
        "text": " at night?",
        "userDefined": false
      }
    ],
    "isTemplate": false,
    "count": 0,
    "lang": "en",
    "updated": 0
  },
  {
    "id": "67498147-7fc1-44f2-9e23-613f7f0954f6",
    "data": [
      {
        "text": "Hostel timings",
        "meta": "@hostelTimings",
        "alias": "hosteltimings",
        "userDefined": false
      }
    ],
    "isTemplate": false,
    "count": 0,
    "lang": "en",
    "updated": 0
  }
]