[
  {
    "id": "d7544489-8889-4c24-857c-a22ec269f71d",
    "data": [
      {
        "text": "do you have hostels",
        "userDefined": false
      }
    ],
    "isTemplate": false,
    "count": 0,
    "lang": "en",
    "updated": 0
  },
  {
    "id": "71189112-88cb-4acd-8d20-a67dc89efdf5",
    "data": [
      {
        "text": "is hostel ",
        "userDefined": false
      },
      {
        "text": "facility",
        "userDefined": false
      },
      {
        "text": " available for girls?",
        "userDefined": false
      }
    ],
    "isTemplate": false,
    "count": 0,
    "lang": "en",
    "updated": 0
  },
  {
    "id": "8742eb7e-306a-4fea-aa83-4c65fa2db4a3",
    "data": [
      {
        "text": "is hostel ",
        "userDefined": false
      },
      {
        "text": "facility",
        "userDefined": false
      },
      {
        "text": " available?",
        "userDefined": false
      }
    ],
    "isTemplate": false,
    "count": 0,
    "lang": "en",
    "updated": 0
  },
  {
    "id": "72b25b7c-cf2b-4186-bcfe-7f3555b74ace",
    "data": [
      {
        "text": "does college has hostel",
        "userDefined": false
      }
    ],
    "isTemplate": false,
    "count": 0,
    "lang": "en",
    "updated": 0
  },
  {
    "id": "3c35b1f2-3684-4484-afff-56aad1b8cf4e",
    "data": [
      {
        "text": "Is hostel available?",
        "userDefined": false
      }
    ],
    "isTemplate": false,
    "count": 0,
    "lang": "en",
    "updated": 0
  }
]