[
  {
    "id": "f2d6b073-d55e-4cb1-a7b9-ae9e2cd1f6cf",
    "data": [
      {
        "text": "are jee scores accepted?",
        "userDefined": false
      }
    ],
    "isTemplate": false,
    "count": 0,
    "lang": "en",
    "updated": 0
  },
  {
    "id": "1a78afd1-0e41-48e5-8458-34f6a911c423",
    "data": [
      {
        "text": "jee scores",
        "userDefined": false
      }
    ],
    "isTemplate": false,
    "count": 0,
    "lang": "en",
    "updated": 0
  },
  {
    "id": "25dce04e-dcca-4577-8cfa-c334e7c4ca23",
    "data": [
      {
        "text": "what are the jee scores required for admission in the college?",
        "userDefined": false
      }
    ],
    "isTemplate": false,
    "count": 0,
    "lang": "en",
    "updated": 0
  },
  {
    "id": "0b924f35-fe9a-4d3e-b497-70e2f8abf601",
    "data": [
      {
        "text": "accepted",
        "meta": "@jeeCutoff",
        "alias": "jeeCutoff",
        "userDefined": true
      }
    ],
    "isTemplate": false,
    "count": 0,
    "lang": "en",
    "updated": 0
  },
  {
    "id": "54d70d3c-9013-4b1d-9e27-797c5812abfd",
    "data": [
      {
        "text": "accept",
        "meta": "@jeeCutoff",
        "alias": "jeeCutoff",
        "userDefined": true
      }
    ],
    "isTemplate": false,
    "count": 0,
    "lang": "en",
    "updated": 0
  },
  {
    "id": "b9f9f62a-6af0-4791-9311-0b7b63a5e371",
    "data": [
      {
        "text": "qualifying",
        "meta": "@jeeCutoff",
        "alias": "jeeCutoff",
        "userDefined": true
      }
    ],
    "isTemplate": false,
    "count": 0,
    "lang": "en",
    "updated": 0
  },
  {
    "id": "2bf65a9f-a1b2-46bd-a40d-60098fb474e4",
    "data": [
      {
        "text": "minimum",
        "meta": "@jeeCutoff",
        "alias": "jeeCutoff",
        "userDefined": true
      }
    ],
    "isTemplate": false,
    "count": 0,
    "lang": "en",
    "updated": 0
  },
  {
    "id": "efd54a98-a9d3-4186-90ed-499d82edf0b4",
    "data": [
      {
        "text": "min",
        "meta": "@jeeCutoff",
        "alias": "jeeCutoff",
        "userDefined": true
      }
    ],
    "isTemplate": false,
    "count": 0,
    "lang": "en",
    "updated": 0
  },
  {
    "id": "95a9cdec-71ea-4e53-a8d9-c4fc15ae1947",
    "data": [
      {
        "text": "minimum qualifying marks for jee mains?",
        "userDefined": false
      }
    ],
    "isTemplate": false,
    "count": 0,
    "lang": "en",
    "updated": 0
  },
  {
    "id": "1424d1b4-4f19-4cc2-a5a1-c6087cbf6617",
    "data": [
      {
        "text": "minimum qualifying marks for jee",
        "userDefined": false
      }
    ],
    "isTemplate": false,
    "count": 0,
    "lang": "en",
    "updated": 0
  },
  {
    "id": "3211535b-fae8-4b91-a899-2f50e870a88f",
    "data": [
      {
        "text": "Is jee exam accepted",
        "userDefined": false
      }
    ],
    "isTemplate": false,
    "count": 0,
    "lang": "en",
    "updated": 0
  },
  {
    "id": "7fbc379f-7af2-497a-b27d-3b034c1d38b1",
    "data": [
      {
        "text": "Do you accept jee score?",
        "userDefined": false
      }
    ],
    "isTemplate": false,
    "count": 0,
    "lang": "en",
    "updated": 0
  },
  {
    "id": "7196ba63-cd7c-483a-813f-f0347c5aa56f",
    "data": [
      {
        "text": "Do you accept jee mains score?",
        "userDefined": false
      }
    ],
    "isTemplate": false,
    "count": 0,
    "lang": "en",
    "updated": 0
  },
  {
    "id": "90004421-6d91-414d-9485-6665ff31bc33",
    "data": [
      {
        "text": "Do you accept jee mains?",
        "userDefined": false
      }
    ],
    "isTemplate": false,
    "count": 0,
    "lang": "en",
    "updated": 0
  },
  {
    "id": "89308ae2-cbaa-4ebf-b956-d4e20e771139",
    "data": [
      {
        "text": "what is the jee cutoff?",
        "userDefined": false
      }
    ],
    "isTemplate": false,
    "count": 0,
    "lang": "en",
    "updated": 0
  },
  {
    "id": "b3032d51-c7dc-493b-8454-4dbb9c3519f3",
    "data": [
      {
        "text": "jee qualifying marks",
        "userDefined": false
      }
    ],
    "isTemplate": false,
    "count": 0,
    "lang": "en",
    "updated": 0
  },
  {
    "id": "91e22b5d-937e-4a3f-a9cc-a0656f0a98e0",
    "data": [
      {
        "text": "jee cutoff",
        "userDefined": false
      }
    ],
    "isTemplate": false,
    "count": 0,
    "lang": "en",
    "updated": 0
  },
  {
    "id": "a24514bd-65cd-4c9a-a3bb-013ba6fedb2f",
    "data": [
      {
        "text": "Jee mains",
        "userDefined": false
      }
    ],
    "isTemplate": false,
    "count": 0,
    "lang": "en",
    "updated": 0
  },
  {
    "id": "75172b7a-89ed-44ca-a5aa-713dd6ef3871",
    "data": [
      {
        "text": "what are cut offs for jee mains?",
        "userDefined": false
      }
    ],
    "isTemplate": false,
    "count": 0,
    "lang": "en",
    "updated": 0
  },
  {
    "id": "9267230b-6a6f-4aa7-9486-013ad46c55fe",
    "data": [
      {
        "text": "cutoffs for jee mains?",
        "userDefined": false
      }
    ],
    "isTemplate": false,
    "count": 0,
    "lang": "en",
    "updated": 0
  },
  {
    "id": "91c7e3f7-802d-406e-b285-fd035eec6eb4",
    "data": [
      {
        "text": "cutoff for jee",
        "userDefined": false
      }
    ],
    "isTemplate": false,
    "count": 0,
    "lang": "en",
    "updated": 0
  },
  {
    "id": "cefc96ae-5dc3-484c-b7f0-73560db73119",
    "data": [
      {
        "text": "JEE",
        "userDefined": false
      }
    ],
    "isTemplate": false,
    "count": 0,
    "lang": "en",
    "updated": 0
  }
]