[
  {
    "id": "fcdacb22-6e0d-4eeb-b89d-1aeee58a331e",
    "data": [
      {
        "text": "do i need identity card to access it",
        "userDefined": false
      }
    ],
    "isTemplate": false,
    "count": 0,
    "lang": "en",
    "updated": 0
  },
  {
    "id": "674b2c63-f4b2-4420-af27-f5a3411672aa",
    "data": [
      {
        "text": "access",
        "userDefined": false
      }
    ],
    "isTemplate": false,
    "count": 0,
    "lang": "en",
    "updated": 0
  },
  {
    "id": "b8b74836-6d93-4c73-aed7-5842f4553857",
    "data": [
      {
        "text": "can i access it ?",
        "userDefined": false
      }
    ],
    "isTemplate": false,
    "count": 0,
    "lang": "en",
    "updated": 0
  },
  {
    "id": "7843e691-ec0e-4a25-8e41-38adb27e8aeb",
    "data": [
      {
        "text": "can i have access to it?",
        "userDefined": false
      }
    ],
    "isTemplate": false,
    "count": 0,
    "lang": "en",
    "updated": 0
  }
]