[
  {
    "id": "405cc64e-ec66-487e-bcf0-cf999809e6b7",
    "data": [
      {
        "text": "time",
        "meta": "@library",
        "alias": "library",
        "userDefined": false
      }
    ],
    "isTemplate": false,
    "count": 0,
    "lang": "en",
    "updated": 0
  },
  {
    "id": "f7a948fc-c7e7-49e7-a4f6-8d734a500965",
    "data": [
      {
        "text": "times",
        "meta": "@library",
        "alias": "library",
        "userDefined": false
      }
    ],
    "isTemplate": false,
    "count": 0,
    "lang": "en",
    "updated": 0
  },
  {
    "id": "dcfac5ae-0881-4eff-a1ef-489666f52680",
    "data": [
      {
        "text": "timings",
        "meta": "@library",
        "alias": "library",
        "userDefined": false
      }
    ],
    "isTemplate": false,
    "count": 0,
    "lang": "en",
    "updated": 0
  },
  {
    "id": "c0a1dfe2-086b-4449-be15-356b8fe3a1a1",
    "data": [
      {
        "text": "library timings",
        "meta": "@library",
        "alias": "library",
        "userDefined": true
      }
    ],
    "isTemplate": false,
    "count": 0,
    "lang": "en",
    "updated": 0
  },
  {
    "id": "34ffda66-2a66-4ee5-97d8-e3ae67199dd3",
    "data": [
      {
        "text": "when does the ",
        "userDefined": false
      },
      {
        "text": "library",
        "meta": "@library",
        "alias": "library",
        "userDefined": true
      },
      {
        "text": " starts?",
        "userDefined": false
      }
    ],
    "isTemplate": false,
    "count": 0,
    "lang": "en",
    "updated": 0
  },
  {
    "id": "9616421f-665d-438c-bd6e-ddf99a756be9",
    "data": [
      {
        "text": "when is the ",
        "userDefined": false
      },
      {
        "text": "library",
        "meta": "@library",
        "alias": "library",
        "userDefined": true
      },
      {
        "text": " opened?",
        "userDefined": false
      }
    ],
    "isTemplate": false,
    "count": 0,
    "lang": "en",
    "updated": 0
  },
  {
    "id": "b51f9823-b8d1-452d-863e-51059c1cd26a",
    "data": [
      {
        "text": "does college has a ",
        "userDefined": false
      },
      {
        "text": "library",
        "meta": "@library",
        "alias": "library",
        "userDefined": false
      }
    ],
    "isTemplate": false,
    "count": 0,
    "lang": "en",
    "updated": 0
  },
  {
    "id": "db9c8826-1e0a-4339-8b5e-9f3e2dd1f970",
    "data": [
      {
        "text": "do college have a ",
        "userDefined": false
      },
      {
        "text": "library",
        "meta": "@library",
        "alias": "library",
        "userDefined": false
      }
    ],
    "isTemplate": false,
    "count": 0,
    "lang": "en",
    "updated": 0
  },
  {
    "id": "350dcb11-7d2d-48ce-ab8b-a2850edf9988",
    "data": [
      {
        "text": "library",
        "meta": "@library",
        "alias": "library",
        "userDefined": false
      }
    ],
    "isTemplate": false,
    "count": 0,
    "lang": "en",
    "updated": 0
  }
]