[
  {
    "id": "ebee3299-d263-4212-89ab-3533b623edde",
    "data": [
      {
        "text": "hii my name is",
        "userDefined": false
      }
    ],
    "isTemplate": false,
    "count": 0,
    "lang": "en",
    "updated": 0
  },
  {
    "id": "ff2f95fc-8890-4651-a471-8d56cbd3eda2",
    "data": [
      {
        "text": "Myself",
        "userDefined": false
      }
    ],
    "isTemplate": false,
    "count": 0,
    "lang": "en",
    "updated": 0
  },
  {
    "id": "583ed10a-edd8-475b-a425-e7e9123388fd",
    "data": [
      {
        "text": "Hello My name is",
        "userDefined": false
      }
    ],
    "isTemplate": false,
    "count": 0,
    "lang": "en",
    "updated": 0
  },
  {
    "id": "9ad5bf47-c613-43c4-988b-222977c45719",
    "data": [
      {
        "text": "Hi I\u0027m",
        "userDefined": false
      }
    ],
    "isTemplate": false,
    "count": 0,
    "lang": "en",
    "updated": 0
  },
  {
    "id": "4ebf1889-8964-4a81-8353-a70070b950d3",
    "data": [
      {
        "text": "My name is",
        "userDefined": false
      }
    ],
    "isTemplate": false,
    "count": 0,
    "lang": "en",
    "updated": 0
  }
]