[
  {
    "id": "9eba3bd7-ce75-441d-b877-617d939846aa",
    "data": [
      {
        "text": "no you are not",
        "userDefined": false
      }
    ],
    "isTemplate": false,
    "count": 0,
    "lang": "en",
    "updated": 0
  },
  {
    "id": "f000b30f-8c2e-4708-953d-1ec570009582",
    "data": [
      {
        "text": "you ",
        "userDefined": false
      },
      {
        "text": "did not help",
        "meta": "@nohelp",
        "alias": "nohelp",
        "userDefined": false
      },
      {
        "text": " at all",
        "userDefined": false
      }
    ],
    "isTemplate": false,
    "count": 0,
    "lang": "en",
    "updated": 0
  },
  {
    "id": "2127b5f8-3978-4e76-9df6-3085292485a9",
    "data": [
      {
        "text": "you didn\u0027t",
        "userDefined": false
      }
    ],
    "isTemplate": false,
    "count": 0,
    "lang": "en",
    "updated": 0
  },
  {
    "id": "55e299d0-6c80-4939-aa1c-ca7c525382b1",
    "data": [
      {
        "text": "no you aren\u0027t",
        "userDefined": false
      }
    ],
    "isTemplate": false,
    "count": 0,
    "lang": "en",
    "updated": 0
  },
  {
    "id": "c6a3f32d-cc83-41be-8873-b880223134be",
    "data": [
      {
        "text": "no u r not",
        "userDefined": false
      }
    ],
    "isTemplate": false,
    "count": 0,
    "lang": "en",
    "updated": 0
  },
  {
    "id": "495722b4-6524-4aa7-b84d-37b95a174d37",
    "data": [
      {
        "text": "no you are ",
        "userDefined": false
      },
      {
        "text": "not helping",
        "meta": "@nohelp",
        "alias": "nohelp",
        "userDefined": false
      }
    ],
    "isTemplate": false,
    "count": 0,
    "lang": "en",
    "updated": 0
  },
  {
    "id": "0f00b972-fae4-4163-9fed-3f833052b7d7",
    "data": [
      {
        "text": "no",
        "userDefined": false
      }
    ],
    "isTemplate": false,
    "count": 0,
    "lang": "en",
    "updated": 0
  },
  {
    "id": "53859b5e-229c-4675-8576-2fe977c7508b",
    "data": [
      {
        "text": "no you\u0027re not",
        "userDefined": false
      }
    ],
    "isTemplate": false,
    "count": 0,
    "lang": "en",
    "updated": 0
  },
  {
    "id": "ce8bc298-5c5e-4e52-9c85-15a7d170fee1",
    "data": [
      {
        "text": "you are ",
        "userDefined": false
      },
      {
        "text": "not helping",
        "meta": "@nohelp",
        "alias": "nohelp",
        "userDefined": false
      }
    ],
    "isTemplate": false,
    "count": 0,
    "lang": "en",
    "updated": 0
  },
  {
    "id": "22885688-97f8-4098-a179-9d011d0d87f1",
    "data": [
      {
        "text": "not help",
        "meta": "@nohelp",
        "alias": "nohelp",
        "userDefined": false
      }
    ],
    "isTemplate": false,
    "count": 0,
    "lang": "en",
    "updated": 0
  }
]