[
  {
    "id": "1df65fb9-9a45-47df-953a-f0b7e6a88bee",
    "data": [
      {
        "text": "thanks",
        "userDefined": false
      }
    ],
    "isTemplate": false,
    "count": 0,
    "lang": "en",
    "updated": 0
  },
  {
    "id": "1dbeddd6-ce3b-4d3f-8a97-da7f5c4e0c82",
    "data": [
      {
        "text": "thank",
        "userDefined": false
      }
    ],
    "isTemplate": false,
    "count": 0,
    "lang": "en",
    "updated": 0
  },
  {
    "id": "39286572-97fd-464d-8b7f-ff7080e5bc03",
    "data": [
      {
        "text": "thx",
        "userDefined": false
      }
    ],
    "isTemplate": false,
    "count": 0,
    "lang": "en",
    "updated": 0
  },
  {
    "id": "ef503741-0558-431b-ae30-60d65d8fb800",
    "data": [
      {
        "text": "thnx",
        "userDefined": false
      }
    ],
    "isTemplate": false,
    "count": 0,
    "lang": "en",
    "updated": 0
  },
  {
    "id": "9023a34c-ff37-4093-901f-ebaa20bac192",
    "data": [
      {
        "text": "you are amazing",
        "userDefined": false
      }
    ],
    "isTemplate": false,
    "count": 0,
    "lang": "en",
    "updated": 0
  },
  {
    "id": "7bd69368-7150-42dc-9418-2ba6a4b6062a",
    "data": [
      {
        "text": "you are good",
        "userDefined": false
      }
    ],
    "isTemplate": false,
    "count": 0,
    "lang": "en",
    "updated": 0
  },
  {
    "id": "ed1525dd-f906-4797-9346-d42a5fca7403",
    "data": [
      {
        "text": "you are awesome",
        "userDefined": false
      }
    ],
    "isTemplate": false,
    "count": 0,
    "lang": "en",
    "updated": 0
  },
  {
    "id": "dfcea648-eea6-4edc-afa1-0ce9139a7f56",
    "data": [
      {
        "text": "great",
        "userDefined": false
      }
    ],
    "isTemplate": false,
    "count": 0,
    "lang": "en",
    "updated": 0
  },
  {
    "id": "587a09c4-531b-4132-a4dd-292395715ff2",
    "data": [
      {
        "text": "Thanks for help",
        "userDefined": false
      }
    ],
    "isTemplate": false,
    "count": 0,
    "lang": "en",
    "updated": 0
  },
  {
    "id": "c222f77e-4b06-42c1-91dc-f1bc4e6b5cc0",
    "data": [
      {
        "text": "I\u0027m satisfied",
        "userDefined": false
      }
    ],
    "isTemplate": false,
    "count": 0,
    "lang": "en",
    "updated": 0
  },
  {
    "id": "4f165e7e-8296-4301-8094-10d1d0b7ba71",
    "data": [
      {
        "text": "fine",
        "userDefined": false
      }
    ],
    "isTemplate": false,
    "count": 0,
    "lang": "en",
    "updated": 0
  },
  {
    "id": "2d4edd75-7946-412a-b781-e5362fdfe8b7",
    "data": [
      {
        "text": "thank -you",
        "userDefined": false
      }
    ],
    "isTemplate": false,
    "count": 0,
    "lang": "en",
    "updated": 0
  },
  {
    "id": "9bd6f053-7471-42b4-a8b6-c30920ae4f7a",
    "data": [
      {
        "text": "thanku",
        "userDefined": false
      }
    ],
    "isTemplate": false,
    "count": 0,
    "lang": "en",
    "updated": 0
  },
  {
    "id": "e56f73ab-2c41-4287-92a5-fb9838d0848e",
    "data": [
      {
        "text": "thank you",
        "userDefined": false
      }
    ],
    "isTemplate": false,
    "count": 0,
    "lang": "en",
    "updated": 0
  },
  {
    "id": "e83196bc-aef5-43fd-9a45-bdb135571b16",
    "data": [
      {
        "text": "thanx",
        "userDefined": false
      }
    ],
    "isTemplate": false,
    "count": 1,
    "lang": "en",
    "updated": 0
  },
  {
    "id": "c6d9f9e8-aa04-4cd8-a9e5-6fc7b645cd2f",
    "data": [
      {
        "text": "k",
        "userDefined": false
      }
    ],
    "isTemplate": false,
    "count": 0,
    "lang": "en",
    "updated": 0
  },
  {
    "id": "45d92ace-2019-4b3d-9f0e-b00cc3ac6fef",
    "data": [
      {
        "text": "ohhk",
        "userDefined": false
      }
    ],
    "isTemplate": false,
    "count": 0,
    "lang": "en",
    "updated": 0
  },
  {
    "id": "3af336c8-f32a-4f24-bbce-df995dee9067",
    "data": [
      {
        "text": "ohk",
        "userDefined": false
      }
    ],
    "isTemplate": false,
    "count": 0,
    "lang": "en",
    "updated": 0
  },
  {
    "id": "cc2b496f-afd2-4d3a-b46a-f53bc007ac34",
    "data": [
      {
        "text": "okay",
        "userDefined": false
      }
    ],
    "isTemplate": false,
    "count": 0,
    "lang": "en",
    "updated": 0
  },
  {
    "id": "0b8bf32f-33ec-40b0-89db-45eb42898c23",
    "data": [
      {
        "text": "ok",
        "userDefined": false
      }
    ],
    "isTemplate": false,
    "count": 0,
    "lang": "en",
    "updated": 0
  }
]