[
  {
    "id": "6488adff-44d2-449f-acf8-cf1108e82baf",
    "data": [
      {
        "text": "photocopies",
        "meta": "@originalDocs",
        "alias": "originalDocs",
        "userDefined": true
      }
    ],
    "isTemplate": false,
    "count": 0,
    "lang": "en",
    "updated": 0
  },
  {
    "id": "cc004658-46be-48d4-afdf-eac38ebea916",
    "data": [
      {
        "text": "copies",
        "meta": "@originalDocs",
        "alias": "originalDocs",
        "userDefined": true
      }
    ],
    "isTemplate": false,
    "count": 0,
    "lang": "en",
    "updated": 0
  },
  {
    "id": "a9597813-3dd6-404e-a691-836e014430e4",
    "data": [
      {
        "text": "photocopy",
        "meta": "@originalDocs",
        "alias": "originalDocs",
        "userDefined": true
      }
    ],
    "isTemplate": false,
    "count": 0,
    "lang": "en",
    "updated": 0
  },
  {
    "id": "6c5547cb-02c8-4e6a-8336-f5f2b3b11d22",
    "data": [
      {
        "text": "xerox",
        "meta": "@originalDocs",
        "alias": "originalDocs",
        "userDefined": false
      }
    ],
    "isTemplate": false,
    "count": 0,
    "lang": "en",
    "updated": 0
  },
  {
    "id": "f4814224-34b4-48bf-a9bb-c40b66f4c36c",
    "data": [
      {
        "text": "original documents",
        "meta": "@originalDocs",
        "alias": "originalDocs",
        "userDefined": true
      }
    ],
    "isTemplate": false,
    "count": 0,
    "lang": "en",
    "updated": 0
  },
  {
    "id": "73608ce7-daff-4078-b209-c326e706130c",
    "data": [
      {
        "text": "Is pan card required",
        "userDefined": false
      }
    ],
    "isTemplate": false,
    "count": 0,
    "lang": "en",
    "updated": 0
  },
  {
    "id": "ae69c66f-f9d9-404d-ad2c-03c254b80231",
    "data": [
      {
        "text": "Original documents",
        "meta": "@originalDocs",
        "alias": "originalDocs",
        "userDefined": true
      },
      {
        "text": " required or not",
        "userDefined": false
      }
    ],
    "isTemplate": false,
    "count": 0,
    "lang": "en",
    "updated": 0
  },
  {
    "id": "4b59f6f3-f939-41d4-80eb-97166a3769d4",
    "data": [
      {
        "text": "Do i need to take original documents or photocopy is enough?",
        "userDefined": false
      }
    ],
    "isTemplate": false,
    "count": 0,
    "lang": "en",
    "updated": 0
  },
  {
    "id": "2cc9c0f4-c4df-4c47-bc8a-23d0185f0fde",
    "data": [
      {
        "text": "Do i need to have original documents or photocopy is enough?",
        "userDefined": false
      }
    ],
    "isTemplate": false,
    "count": 0,
    "lang": "en",
    "updated": 0
  },
  {
    "id": "0ad4f985-a9d1-40af-87ce-b73ace9c7ddf",
    "data": [
      {
        "text": "hare all original documents important?",
        "userDefined": false
      }
    ],
    "isTemplate": false,
    "count": 0,
    "lang": "en",
    "updated": 0
  },
  {
    "id": "0a2a8cec-8f85-482d-aeed-df67d36733cd",
    "data": [
      {
        "text": "are all original documents necessary?",
        "userDefined": false
      }
    ],
    "isTemplate": false,
    "count": 0,
    "lang": "en",
    "updated": 0
  },
  {
    "id": "13271f7d-cfd7-4902-b054-ad70026cf597",
    "data": [
      {
        "text": "are all original documents required?",
        "userDefined": false
      }
    ],
    "isTemplate": false,
    "count": 0,
    "lang": "en",
    "updated": 0
  },
  {
    "id": "fd819db3-f209-42d5-92ba-efc68c6ca372",
    "data": [
      {
        "text": "Do i need to carry original documents or photocopy is enough?",
        "userDefined": false
      }
    ],
    "isTemplate": false,
    "count": 0,
    "lang": "en",
    "updated": 0
  },
  {
    "id": "2aa2345b-56b6-4aa1-8100-f51dbdd90667",
    "data": [
      {
        "text": "Do i need to carry original documents or photocopy?",
        "userDefined": false
      }
    ],
    "isTemplate": false,
    "count": 0,
    "lang": "en",
    "updated": 0
  },
  {
    "id": "80c890f1-4bb7-4348-96c4-fa911dd2d03e",
    "data": [
      {
        "text": "Do i need to carry original documents?",
        "userDefined": false
      }
    ],
    "isTemplate": false,
    "count": 0,
    "lang": "en",
    "updated": 0
  }
]