[
  {
    "id": "65d5b014-3404-4e60-99ce-843f260b34cf",
    "data": [
      {
        "text": "other than",
        "meta": "@otherThanCETorJEE",
        "alias": "otherThanCETorJEE",
        "userDefined": true
      },
      {
        "text": " mhtcet/jee",
        "userDefined": false
      }
    ],
    "isTemplate": false,
    "count": 0,
    "lang": "en",
    "updated": 0
  },
  {
    "id": "ea7a2421-a953-44b8-8578-3f93ab984e61",
    "data": [
      {
        "text": "other than",
        "meta": "@otherThanCETorJEE",
        "alias": "otherThanCETorJEE",
        "userDefined": true
      },
      {
        "text": " cet or jee",
        "userDefined": false
      }
    ],
    "isTemplate": false,
    "count": 0,
    "lang": "en",
    "updated": 0
  },
  {
    "id": "ab709a82-441b-421c-aea9-f1fd7c901623",
    "data": [
      {
        "text": "other than",
        "meta": "@otherThanCETorJEE",
        "alias": "otherThanCETorJEE",
        "userDefined": true
      },
      {
        "text": " jee",
        "userDefined": false
      }
    ],
    "isTemplate": false,
    "count": 0,
    "lang": "en",
    "updated": 0
  },
  {
    "id": "c06a0097-71eb-4408-aa9b-e4554eaa2192",
    "data": [
      {
        "text": "other than",
        "meta": "@otherThanCETorJEE",
        "alias": "otherThanCETorJEE",
        "userDefined": true
      },
      {
        "text": " cet",
        "userDefined": false
      }
    ],
    "isTemplate": false,
    "count": 0,
    "lang": "en",
    "updated": 0
  },
  {
    "id": "dc040bba-c5ca-4f82-9bdc-7abf6352fbf3",
    "data": [
      {
        "text": "Scores accepted ",
        "userDefined": false
      },
      {
        "text": "other than",
        "meta": "@otherThanCETorJEE",
        "alias": "otherThanCETorJEE",
        "userDefined": true
      },
      {
        "text": " MHT CET/JEE Mains",
        "userDefined": false
      }
    ],
    "isTemplate": false,
    "count": 0,
    "lang": "en",
    "updated": 0
  },
  {
    "id": "66b47cf2-cb78-4437-bef4-8ee1d1162011",
    "data": [
      {
        "text": "results other than CET/JEE?",
        "userDefined": false
      }
    ],
    "isTemplate": false,
    "count": 0,
    "lang": "en",
    "updated": 0
  },
  {
    "id": "edce92a2-a924-4978-857c-3b061af5b8f9",
    "data": [
      {
        "text": "Do you accept results other than CET or JEE?",
        "userDefined": false
      }
    ],
    "isTemplate": false,
    "count": 0,
    "lang": "en",
    "updated": 0
  },
  {
    "id": "91f05e33-65a7-4bf8-b094-6a1b26aed065",
    "data": [
      {
        "text": "Do you accept scores other than MHT CET or JEE Mains?",
        "userDefined": false
      }
    ],
    "isTemplate": false,
    "count": 0,
    "lang": "en",
    "updated": 0
  },
  {
    "id": "b55b9187-f235-46d9-b554-205d329d46c3",
    "data": [
      {
        "text": "Do you accept scores other than CET or JEE?",
        "userDefined": false
      }
    ],
    "isTemplate": false,
    "count": 0,
    "lang": "en",
    "updated": 0
  }
]