[
  {
    "id": "b983c095-2bb1-46c3-9b1f-db50ec104e5d",
    "data": [
      {
        "text": "main ",
        "userDefined": false
      },
      {
        "text": "aim",
        "meta": "@objective",
        "alias": "objective",
        "userDefined": false
      }
    ],
    "isTemplate": false,
    "count": 0,
    "lang": "en",
    "updated": 0
  },
  {
    "id": "1310b92d-5740-4511-9324-a2da360fc93c",
    "data": [
      {
        "text": "what is the ",
        "userDefined": false
      },
      {
        "text": "aim",
        "meta": "@objective",
        "alias": "objective",
        "userDefined": false
      },
      {
        "text": " of pccoer?",
        "userDefined": false
      }
    ],
    "isTemplate": false,
    "count": 0,
    "lang": "en",
    "updated": 0
  },
  {
    "id": "54a9bfbd-d3f4-4a9e-8720-ec06879c420b",
    "data": [
      {
        "text": "what is the ",
        "userDefined": false
      },
      {
        "text": "aim",
        "meta": "@objective",
        "alias": "objective",
        "userDefined": false
      },
      {
        "text": " of the college",
        "userDefined": false
      }
    ],
    "isTemplate": false,
    "count": 0,
    "lang": "en",
    "updated": 0
  },
  {
    "id": "b1895fa0-22da-47cd-b7a5-202aac61c5e7",
    "data": [
      {
        "text": "what is the ",
        "userDefined": false
      },
      {
        "text": "objective",
        "meta": "@objective",
        "alias": "objective",
        "userDefined": false
      },
      {
        "text": " of the institute",
        "userDefined": false
      }
    ],
    "isTemplate": false,
    "count": 0,
    "lang": "en",
    "updated": 0
  },
  {
    "id": "6c46a7fe-8aae-42ba-83e3-d86def157e80",
    "data": [
      {
        "text": "what is the ",
        "userDefined": false
      },
      {
        "text": "objective",
        "meta": "@objective",
        "alias": "objective",
        "userDefined": false
      },
      {
        "text": " of the pccoer",
        "userDefined": false
      }
    ],
    "isTemplate": false,
    "count": 0,
    "lang": "en",
    "updated": 0
  },
  {
    "id": "0c9bba8d-8bf0-46e4-a4d5-bdf4d4bd5d45",
    "data": [
      {
        "text": "objective",
        "meta": "@objective",
        "alias": "objective",
        "userDefined": false
      }
    ],
    "isTemplate": false,
    "count": 0,
    "lang": "en",
    "updated": 0
  }
]