[
  {
    "id": "1ed2d5fe-5708-4c88-8a8c-170b0ebddb54",
    "data": [
      {
        "text": "येथे स्वागत आहे",
        "userDefined": false
      }
    ],
    "isTemplate": false,
    "count": 0,
    "lang": "mr",
    "updated": 0
  },
  {
    "id": "f90f2c75-69ea-41b3-97aa-3abf2d75d36e",
    "data": [
      {
        "text": "सुस्वागतम",
        "userDefined": false
      }
    ],
    "isTemplate": false,
    "count": 0,
    "lang": "mr",
    "updated": 0
  },
  {
    "id": "a979096e-44cd-485b-ad04-868532de2c10",
    "data": [
      {
        "text": "तुमचे मनापासून स्वागत आहे",
        "userDefined": false
      }
    ],
    "isTemplate": false,
    "count": 0,
    "lang": "mr",
    "updated": 0
  },
  {
    "id": "483bd40f-86ea-4446-8009-745aecfa8e16",
    "data": [
      {
        "text": "ही माझ्यासाठी आनंदाची गोष्ट आहे",
        "userDefined": false
      }
    ],
    "isTemplate": false,
    "count": 0,
    "lang": "mr",
    "updated": 0
  },
  {
    "id": "1d169d9b-1099-4929-af86-90a3d5778fea",
    "data": [
      {
        "text": "नक्कीच स्वागत आहे",
        "userDefined": false
      }
    ],
    "isTemplate": false,
    "count": 0,
    "lang": "mr",
    "updated": 0
  },
  {
    "id": "38fc29d3-dc95-45df-b427-6c0d3f160e9b",
    "data": [
      {
        "text": "माझे सौभाग्य",
        "userDefined": false
      }
    ],
    "isTemplate": false,
    "count": 0,
    "lang": "mr",
    "updated": 0
  },
  {
    "id": "1be06779-636e-4f5a-9eed-2b1dc7548eec",
    "data": [
      {
        "text": "तुमचे स्वागत आहे",
        "userDefined": false
      }
    ],
    "isTemplate": false,
    "count": 0,
    "lang": "mr",
    "updated": 0
  }
]