[
  {
    "id": "e40a6ca1-21a2-4440-b3cc-82039f4934ae",
    "data": [
      {
        "text": "playground",
        "meta": "@playground",
        "alias": "playground",
        "userDefined": true
      }
    ],
    "isTemplate": false,
    "count": 0,
    "lang": "en",
    "updated": 0
  },
  {
    "id": "ff29d90e-0b17-4be3-9f11-005fe225fa46",
    "data": [
      {
        "text": "tell me about any ",
        "userDefined": false
      },
      {
        "text": "playground",
        "meta": "@playground",
        "alias": "playground",
        "userDefined": true
      }
    ],
    "isTemplate": false,
    "count": 0,
    "lang": "en",
    "updated": 0
  },
  {
    "id": "971e197b-4adb-4bd5-ba47-f59306534399",
    "data": [
      {
        "text": "is there any ",
        "userDefined": false
      },
      {
        "text": "playground",
        "meta": "@playground",
        "alias": "playground",
        "userDefined": true
      },
      {
        "text": " on the campus?",
        "userDefined": false
      }
    ],
    "isTemplate": false,
    "count": 0,
    "lang": "en",
    "updated": 0
  },
  {
    "id": "9ac4b9fc-a35f-4353-9103-7418a655cf8c",
    "data": [
      {
        "text": "Is there any facility to playground",
        "userDefined": false
      }
    ],
    "isTemplate": false,
    "count": 0,
    "lang": "en",
    "updated": 0
  },
  {
    "id": "f9595393-4c20-4125-babb-7b5d15df9d76",
    "data": [
      {
        "text": "basketball ",
        "userDefined": false
      },
      {
        "text": "ground",
        "meta": "@playground",
        "alias": "playground",
        "userDefined": true
      },
      {
        "text": " on the campus",
        "userDefined": false
      }
    ],
    "isTemplate": false,
    "count": 0,
    "lang": "en",
    "updated": 0
  },
  {
    "id": "af5ac69d-fb46-4d7d-9756-8d46e968c3a3",
    "data": [
      {
        "text": "football gorund on the campus",
        "userDefined": false
      }
    ],
    "isTemplate": false,
    "count": 0,
    "lang": "en",
    "updated": 0
  },
  {
    "id": "31ca50dc-ae73-4a47-b825-4cfc623e27be",
    "data": [
      {
        "text": "cricket",
        "meta": "@playground",
        "alias": "playground",
        "userDefined": true
      },
      {
        "text": " playground on the campus",
        "userDefined": false
      }
    ],
    "isTemplate": false,
    "count": 0,
    "lang": "en",
    "updated": 0
  },
  {
    "id": "f9f230fc-a68f-455f-b375-5258de714b8d",
    "data": [
      {
        "text": "cricket ground on the campus",
        "userDefined": false
      }
    ],
    "isTemplate": false,
    "count": 0,
    "lang": "en",
    "updated": 0
  },
  {
    "id": "798b2379-9c48-4fce-ba71-6aa1d1f8a2ac",
    "data": [
      {
        "text": "park",
        "meta": "@playground",
        "alias": "playground",
        "userDefined": true
      },
      {
        "text": " on the campus",
        "userDefined": false
      }
    ],
    "isTemplate": false,
    "count": 0,
    "lang": "en",
    "updated": 0
  },
  {
    "id": "e8f551fc-8d26-4d4e-a0bb-9a49d72f261d",
    "data": [
      {
        "text": "playing field",
        "meta": "@playground",
        "alias": "playground",
        "userDefined": true
      },
      {
        "text": " on the campus",
        "userDefined": false
      }
    ],
    "isTemplate": false,
    "count": 0,
    "lang": "en",
    "updated": 0
  },
  {
    "id": "9f82b9f5-25db-427e-96df-0408b8f270dc",
    "data": [
      {
        "text": "play area on the campus",
        "userDefined": false
      }
    ],
    "isTemplate": false,
    "count": 0,
    "lang": "en",
    "updated": 0
  },
  {
    "id": "f80aeb13-9e30-4534-84dc-6be3b342b8b6",
    "data": [
      {
        "text": "play-ground",
        "userDefined": false
      }
    ],
    "isTemplate": false,
    "count": 0,
    "lang": "en",
    "updated": 0
  },
  {
    "id": "e7fd9348-e082-4369-bcdb-0d21c0f640fc",
    "data": [
      {
        "text": "playground",
        "userDefined": false
      }
    ],
    "isTemplate": false,
    "count": 0,
    "lang": "en",
    "updated": 0
  },
  {
    "id": "438e2aa0-71fb-4179-a5c2-8b080365d881",
    "data": [
      {
        "text": "play ground",
        "userDefined": false
      }
    ],
    "isTemplate": false,
    "count": 0,
    "lang": "en",
    "updated": 0
  },
  {
    "id": "4a34d576-d9df-44a4-94a0-57782737ab56",
    "data": [
      {
        "text": "ground",
        "userDefined": false
      }
    ],
    "isTemplate": false,
    "count": 0,
    "lang": "en",
    "updated": 0
  },
  {
    "id": "e3fa78de-dee6-4e6a-a3c7-67ef334b3fda",
    "data": [
      {
        "text": "College ground",
        "userDefined": false
      }
    ],
    "isTemplate": false,
    "count": 0,
    "lang": "en",
    "updated": 0
  }
]