[
  {
    "id": "7790f300-63d3-4665-98a5-37854431cc00",
    "data": [
      {
        "text": "industries",
        "meta": "@recruitersIndustries",
        "alias": "recruitersIndustries",
        "userDefined": false
      },
      {
        "text": " in on campus placements",
        "userDefined": false
      }
    ],
    "isTemplate": false,
    "count": 0,
    "lang": "en",
    "updated": 0
  },
  {
    "id": "05dbd8ae-2209-483a-9efb-4adca196db6a",
    "data": [
      {
        "text": "recruiters",
        "meta": "@recruitersIndustries",
        "alias": "recruitersIndustries",
        "userDefined": false
      },
      {
        "text": " recruiting from PCCOER",
        "userDefined": false
      }
    ],
    "isTemplate": false,
    "count": 0,
    "lang": "en",
    "updated": 0
  },
  {
    "id": "d9169624-93dc-4597-8b36-9977744d6cc7",
    "data": [
      {
        "text": "companies",
        "meta": "@recruitersIndustries",
        "alias": "recruitersIndustries",
        "userDefined": false
      },
      {
        "text": " visiting for placements",
        "userDefined": false
      }
    ],
    "isTemplate": false,
    "count": 0,
    "lang": "en",
    "updated": 0
  },
  {
    "id": "4c586872-240b-4f14-8999-bdcbe15d0030",
    "data": [
      {
        "text": "What ",
        "userDefined": false
      },
      {
        "text": "industries",
        "meta": "@recruitersIndustries",
        "alias": "recruitersIndustries",
        "userDefined": true
      },
      {
        "text": " visit for placements?",
        "userDefined": false
      }
    ],
    "isTemplate": false,
    "count": 0,
    "lang": "en",
    "updated": 0
  },
  {
    "id": "516691d1-421c-4c2c-8be5-de44e5311686",
    "data": [
      {
        "text": "Tell me about the ",
        "userDefined": false
      },
      {
        "text": "recruiters",
        "meta": "@recruitersIndustries",
        "alias": "recruitersIndustries",
        "userDefined": true
      },
      {
        "text": " recruiting from your college",
        "userDefined": false
      }
    ],
    "isTemplate": false,
    "count": 0,
    "lang": "en",
    "updated": 0
  },
  {
    "id": "cf962fa8-8921-4857-a232-671987a64929",
    "data": [
      {
        "text": "Tell me about the ",
        "userDefined": false
      },
      {
        "text": "industries",
        "meta": "@recruitersIndustries",
        "alias": "recruitersIndustries",
        "userDefined": true
      },
      {
        "text": " visiting the college",
        "userDefined": false
      }
    ],
    "isTemplate": false,
    "count": 0,
    "lang": "en",
    "updated": 0
  },
  {
    "id": "becd269a-bdf9-44fa-9537-7bfaebb56194",
    "data": [
      {
        "text": "industries",
        "meta": "@recruitersIndustries",
        "alias": "recruitersIndustries",
        "userDefined": true
      },
      {
        "text": " visiting",
        "userDefined": false
      }
    ],
    "isTemplate": false,
    "count": 0,
    "lang": "en",
    "updated": 0
  },
  {
    "id": "db728eed-879a-44fd-b0ca-335b8441cf85",
    "data": [
      {
        "text": "recruiters",
        "meta": "@recruitersIndustries",
        "alias": "recruitersIndustries",
        "userDefined": true
      }
    ],
    "isTemplate": false,
    "count": 0,
    "lang": "en",
    "updated": 0
  }
]