[
  {
    "id": "e20882ff-e591-4379-b60e-47df00a3fa3b",
    "data": [
      {
        "text": "courier documents?",
        "userDefined": false
      }
    ],
    "isTemplate": false,
    "count": 0,
    "lang": "en",
    "updated": 0
  },
  {
    "id": "3598fcc2-244d-47c0-bf6e-b087833b4fcb",
    "data": [
      {
        "text": "online or offline",
        "userDefined": false
      }
    ],
    "isTemplate": false,
    "count": 0,
    "lang": "en",
    "updated": 0
  },
  {
    "id": "8b16cb28-0d6f-4d9c-8292-1c1111356c1d",
    "data": [
      {
        "text": "Is admission process online or offline?",
        "userDefined": false
      }
    ],
    "isTemplate": false,
    "count": 0,
    "lang": "en",
    "updated": 0
  },
  {
    "id": "f1b0f446-f1b0-4ed8-9e23-aa563fa86547",
    "data": [
      {
        "text": "Can i file an online admission?",
        "userDefined": false
      }
    ],
    "isTemplate": false,
    "count": 0,
    "lang": "en",
    "updated": 0
  },
  {
    "id": "b1a4b586-7220-4a56-9107-7e402efca3fa",
    "data": [
      {
        "text": "admit online",
        "userDefined": false
      }
    ],
    "isTemplate": false,
    "count": 0,
    "lang": "en",
    "updated": 0
  },
  {
    "id": "4044e5f7-940b-4401-babb-c5fd39686fe1",
    "data": [
      {
        "text": "online admission",
        "userDefined": false
      }
    ],
    "isTemplate": false,
    "count": 0,
    "lang": "en",
    "updated": 0
  },
  {
    "id": "7bdf71d0-7545-4d97-a796-ad71ba1b0413",
    "data": [
      {
        "text": "can i enroll in the courses online",
        "userDefined": false
      }
    ],
    "isTemplate": false,
    "count": 0,
    "lang": "en",
    "updated": 0
  },
  {
    "id": "88898fae-a78d-4d45-aea4-9a5cb748f6b2",
    "data": [
      {
        "text": "enroll online",
        "userDefined": false
      }
    ],
    "isTemplate": false,
    "count": 0,
    "lang": "en",
    "updated": 0
  },
  {
    "id": "de87b752-c3cc-4ec2-ae15-77515d702319",
    "data": [
      {
        "text": "online enrollment",
        "userDefined": false
      }
    ],
    "isTemplate": false,
    "count": 0,
    "lang": "en",
    "updated": 0
  },
  {
    "id": "cbaa1c58-6887-4d0e-bf0c-6d4b42b2a9dd",
    "data": [
      {
        "text": "online registration",
        "userDefined": false
      }
    ],
    "isTemplate": false,
    "count": 0,
    "lang": "en",
    "updated": 0
  },
  {
    "id": "a3beca96-af46-4732-8850-ee43492e4d47",
    "data": [
      {
        "text": "register online",
        "userDefined": false
      }
    ],
    "isTemplate": false,
    "count": 0,
    "lang": "en",
    "updated": 0
  },
  {
    "id": "607194a7-22e0-4f56-b0de-857ccd92c9a9",
    "data": [
      {
        "text": "online",
        "userDefined": false
      }
    ],
    "isTemplate": false,
    "count": 0,
    "lang": "en",
    "updated": 0
  },
  {
    "id": "756a7d68-6607-4d7a-82c8-f06fdfd02a1d",
    "data": [
      {
        "text": "apply online",
        "userDefined": false
      }
    ],
    "isTemplate": false,
    "count": 0,
    "lang": "en",
    "updated": 0
  },
  {
    "id": "086db4c8-5a6b-44c2-ac5f-6c062bfcc834",
    "data": [
      {
        "text": "Can i apply online for admssion?",
        "userDefined": false
      }
    ],
    "isTemplate": false,
    "count": 0,
    "lang": "en",
    "updated": 0
  },
  {
    "id": "50dd7805-f5b5-4f5d-80e6-0502291069ac",
    "data": [
      {
        "text": "Can i register online for the admission?",
        "userDefined": false
      }
    ],
    "isTemplate": false,
    "count": 0,
    "lang": "en",
    "updated": 0
  }
]