[
  {
    "id": "7c39daeb-985e-4dfe-bc43-3cd8ace219a6",
    "data": [
      {
        "text": "what type of ",
        "userDefined": false
      },
      {
        "text": "study",
        "meta": "@research",
        "alias": "research",
        "userDefined": false
      },
      {
        "text": " do professors do in the ",
        "userDefined": false
      },
      {
        "text": "research field",
        "meta": "@research",
        "alias": "research",
        "userDefined": false
      },
      {
        "text": "?",
        "userDefined": false
      }
    ],
    "isTemplate": false,
    "count": 0,
    "lang": "en",
    "updated": 0
  },
  {
    "id": "7efca2dc-a191-4d7b-aa69-41262ec8a6e2",
    "data": [
      {
        "text": "research",
        "meta": "@research",
        "alias": "research",
        "userDefined": true
      }
    ],
    "isTemplate": false,
    "count": 0,
    "lang": "en",
    "updated": 0
  },
  {
    "id": "7a85201d-77d7-42bb-a144-ba6b0387b1ce",
    "data": [
      {
        "text": "what ",
        "userDefined": false
      },
      {
        "text": "studies",
        "meta": "@research",
        "alias": "research",
        "userDefined": true
      },
      {
        "text": " are being carried out here",
        "userDefined": false
      }
    ],
    "isTemplate": false,
    "count": 0,
    "lang": "en",
    "updated": 0
  },
  {
    "id": "9545312f-63b3-45fc-8332-f41b17a924f8",
    "data": [
      {
        "text": "Research work",
        "meta": "@research",
        "alias": "research",
        "userDefined": true
      }
    ],
    "isTemplate": false,
    "count": 0,
    "lang": "en",
    "updated": 0
  },
  {
    "id": "8ada6b29-4521-4652-bcd9-4a9dd13d099c",
    "data": [
      {
        "text": "What ",
        "userDefined": false
      },
      {
        "text": "research",
        "meta": "@research",
        "alias": "research",
        "userDefined": true
      },
      {
        "text": " is going on here?",
        "userDefined": false
      }
    ],
    "isTemplate": false,
    "count": 0,
    "lang": "en",
    "updated": 0
  },
  {
    "id": "883c6fc4-8e43-4623-96b2-3794dc81d09a",
    "data": [
      {
        "text": "What is ",
        "userDefined": false
      },
      {
        "text": "research",
        "meta": "@research",
        "alias": "research",
        "userDefined": true
      },
      {
        "text": " like?",
        "userDefined": false
      }
    ],
    "isTemplate": false,
    "count": 0,
    "lang": "en",
    "updated": 0
  },
  {
    "id": "e2161b4d-80be-4678-bba3-3a7eebb36cee",
    "data": [
      {
        "text": "What is ",
        "userDefined": false
      },
      {
        "text": "research work",
        "meta": "@research",
        "alias": "research",
        "userDefined": true
      },
      {
        "text": " like here?",
        "userDefined": false
      }
    ],
    "isTemplate": false,
    "count": 0,
    "lang": "en",
    "updated": 0
  },
  {
    "id": "f8815ff1-aa73-4631-b56e-250ca0bab7c2",
    "data": [
      {
        "text": "What is ",
        "userDefined": false
      },
      {
        "text": "research work",
        "meta": "@research",
        "alias": "research",
        "userDefined": true
      },
      {
        "text": " going on in your college?",
        "userDefined": false
      }
    ],
    "isTemplate": false,
    "count": 0,
    "lang": "en",
    "updated": 0
  }
]