[
  {
    "id": "78e1e55c-a232-4326-93f9-e9876242ffb8",
    "data": [
      {
        "text": "sports",
        "meta": "@sports",
        "alias": "sports",
        "userDefined": false
      }
    ],
    "isTemplate": false,
    "count": 0,
    "lang": "en",
    "updated": 0
  },
  {
    "id": "4ae3e5f7-59f8-4199-8f68-067d5723b8fb",
    "data": [
      {
        "text": "What ",
        "userDefined": false
      },
      {
        "text": "sports",
        "meta": "@sports",
        "alias": "sports",
        "userDefined": true
      },
      {
        "text": " are played here?",
        "userDefined": false
      }
    ],
    "isTemplate": false,
    "count": 0,
    "lang": "en",
    "updated": 0
  },
  {
    "id": "2fc1c859-f1b7-4d86-bb4b-7a11a5a159cf",
    "data": [
      {
        "text": "Are ",
        "userDefined": false
      },
      {
        "text": "Sports events",
        "meta": "@sports",
        "alias": "sports",
        "userDefined": true
      },
      {
        "text": " held in the college?",
        "userDefined": false
      }
    ],
    "isTemplate": false,
    "count": 0,
    "lang": "en",
    "updated": 0
  },
  {
    "id": "f1e9d56c-dfad-4ca1-a1e1-7fd763ca6b0f",
    "data": [
      {
        "text": "Are ",
        "userDefined": false
      },
      {
        "text": "Sports competitions",
        "meta": "@sports",
        "alias": "sports",
        "userDefined": true
      },
      {
        "text": " held in the college?",
        "userDefined": false
      }
    ],
    "isTemplate": false,
    "count": 0,
    "lang": "en",
    "updated": 0
  },
  {
    "id": "79f3a03f-27af-4a32-87ef-a3f6da09b388",
    "data": [
      {
        "text": "What are the sports played here?",
        "userDefined": false
      }
    ],
    "isTemplate": false,
    "count": 0,
    "lang": "en",
    "updated": 0
  },
  {
    "id": "b1024060-5228-419a-a56d-fd523367cdad",
    "data": [
      {
        "text": "Is there any ",
        "userDefined": false
      },
      {
        "text": "Sports facility",
        "meta": "@sports",
        "alias": "sports",
        "userDefined": true
      },
      {
        "text": " ?",
        "userDefined": false
      }
    ],
    "isTemplate": false,
    "count": 0,
    "lang": "en",
    "updated": 0
  }
]