[
  {
    "id": "133917ff-3c8b-4239-9a56-663b8bde4132",
    "data": [
      {
        "text": "sportsroom",
        "meta": "@sportsroom",
        "alias": "sportsroom",
        "userDefined": true
      }
    ],
    "isTemplate": false,
    "count": 0,
    "lang": "en",
    "updated": 0
  },
  {
    "id": "b1221c70-dc98-4627-bc97-f7ca53717ac4",
    "data": [
      {
        "text": "do you have any ",
        "userDefined": false
      },
      {
        "text": "room",
        "meta": "@sportsroom",
        "alias": "sportsroom",
        "userDefined": true
      },
      {
        "text": " for playing sports in the campus?",
        "userDefined": false
      }
    ],
    "isTemplate": false,
    "count": 0,
    "lang": "en",
    "updated": 0
  },
  {
    "id": "ecdbae86-9547-4453-b348-ad23da7a608c",
    "data": [
      {
        "text": "is there any availability for ",
        "userDefined": false
      },
      {
        "text": "indoor sports",
        "meta": "@sportsroom",
        "alias": "sportsroom",
        "userDefined": true
      },
      {
        "text": "?",
        "userDefined": false
      }
    ],
    "isTemplate": false,
    "count": 0,
    "lang": "en",
    "updated": 0
  },
  {
    "id": "ce66bc6f-c778-4890-9d67-ff78a687d937",
    "data": [
      {
        "text": "Sports room",
        "meta": "@sportsroom",
        "alias": "sportsroom",
        "userDefined": true
      }
    ],
    "isTemplate": false,
    "count": 0,
    "lang": "en",
    "updated": 0
  },
  {
    "id": "f8edcce8-0ad3-4081-9559-7df3ad663ca0",
    "data": [
      {
        "text": "Room",
        "meta": "@sportsroom",
        "alias": "sportsroom",
        "userDefined": true
      }
    ],
    "isTemplate": false,
    "count": 0,
    "lang": "en",
    "updated": 0
  },
  {
    "id": "5380f0a6-5143-4b03-8eed-05025caece11",
    "data": [
      {
        "text": "Do college have any ",
        "userDefined": false
      },
      {
        "text": "sports room",
        "meta": "@sportsroom",
        "alias": "sportsroom",
        "userDefined": true
      },
      {
        "text": "?",
        "userDefined": false
      }
    ],
    "isTemplate": false,
    "count": 0,
    "lang": "en",
    "updated": 0
  }
]