[
  {
    "id": "9e0722a8-d331-4534-bc60-5f5696737405",
    "data": [
      {
        "text": "college ",
        "userDefined": false
      },
      {
        "text": "rank",
        "meta": "@sppuGrade",
        "alias": "sppugrade",
        "userDefined": false
      }
    ],
    "isTemplate": false,
    "count": 0,
    "lang": "en",
    "updated": 0
  },
  {
    "id": "40bd8263-c3b9-44a0-befa-4985c0af1a46",
    "data": [
      {
        "text": "college ",
        "userDefined": false
      },
      {
        "text": "grade",
        "meta": "@sppuGrade",
        "alias": "sppugrade",
        "userDefined": false
      }
    ],
    "isTemplate": false,
    "count": 0,
    "lang": "en",
    "updated": 0
  },
  {
    "id": "1b50761b-ed17-4351-a5e7-b1b21bc9db1e",
    "data": [
      {
        "text": "college naac ",
        "userDefined": false
      },
      {
        "text": "grade",
        "meta": "@sppuGrade",
        "alias": "sppugrade",
        "userDefined": false
      }
    ],
    "isTemplate": false,
    "count": 0,
    "lang": "en",
    "updated": 0
  },
  {
    "id": "6b670816-6279-415c-800c-31e3dc89c846",
    "data": [
      {
        "text": "Is college ",
        "userDefined": false
      },
      {
        "text": "naac accreditated",
        "meta": "@sppuGrade",
        "alias": "sppugrade",
        "userDefined": false
      },
      {
        "text": "?",
        "userDefined": false
      }
    ],
    "isTemplate": false,
    "count": 0,
    "lang": "en",
    "updated": 0
  }
]