[
  {
    "id": "aae56ea3-8535-4242-8264-d8612f6de09e",
    "data": [
      {
        "text": "What is the ",
        "userDefined": false
      },
      {
        "text": "student committee",
        "meta": "@studentCommittee",
        "alias": "studentcommittee",
        "userDefined": false
      },
      {
        "text": " like?",
        "userDefined": false
      }
    ],
    "isTemplate": false,
    "count": 0,
    "lang": "en",
    "updated": 0
  },
  {
    "id": "2adc49bc-7e1d-41b7-891b-0fb8c6e282d9",
    "data": [
      {
        "text": "Tell me about the ",
        "userDefined": false
      },
      {
        "text": "student community",
        "meta": "@studentCommittee",
        "alias": "studentcommittee",
        "userDefined": false
      }
    ],
    "isTemplate": false,
    "count": 0,
    "lang": "en",
    "updated": 0
  },
  {
    "id": "39a14569-9905-444f-95e7-cb2de5813664",
    "data": [
      {
        "text": "Student committee",
        "meta": "@studentCommittee",
        "alias": "studentcommittee",
        "userDefined": false
      }
    ],
    "isTemplate": false,
    "count": 0,
    "lang": "en",
    "updated": 0
  }
]