[
  {
    "id": "163688f5-b88e-4d95-9297-5959434bc5b2",
    "data": [
      {
        "text": "give it here",
        "userDefined": false
      }
    ],
    "isTemplate": false,
    "count": 0,
    "lang": "en",
    "updated": 0
  },
  {
    "id": "7f759f22-586a-4de5-ad6a-2f2cf14fbf1d",
    "data": [
      {
        "text": "show me more",
        "userDefined": false
      }
    ],
    "isTemplate": false,
    "count": 0,
    "lang": "en",
    "updated": 0
  },
  {
    "id": "5433c1c7-1504-45a3-8ec7-4f99b89e9371",
    "data": [
      {
        "text": "display here",
        "userDefined": false
      }
    ],
    "isTemplate": false,
    "count": 0,
    "lang": "en",
    "updated": 0
  },
  {
    "id": "e3e20a8d-92aa-40d7-91f0-e1049b03b4fc",
    "data": [
      {
        "text": "show me",
        "userDefined": false
      }
    ],
    "isTemplate": false,
    "count": 0,
    "lang": "en",
    "updated": 0
  },
  {
    "id": "83c5d182-5f20-456b-a4a0-f1dc8db01acc",
    "data": [
      {
        "text": "Can you tell me more",
        "userDefined": false
      }
    ],
    "isTemplate": false,
    "count": 0,
    "lang": "en",
    "updated": 0
  },
  {
    "id": "7b4ce785-b36f-4548-adb4-9bddd988a10c",
    "data": [
      {
        "text": "Do you know more about it",
        "userDefined": false
      }
    ],
    "isTemplate": false,
    "count": 0,
    "lang": "en",
    "updated": 0
  },
  {
    "id": "f6d4d3ef-3d8f-418c-8c4f-e8d4152d0f95",
    "data": [
      {
        "text": "what else",
        "userDefined": false
      }
    ],
    "isTemplate": false,
    "count": 0,
    "lang": "en",
    "updated": 0
  },
  {
    "id": "b516b6cc-1ece-46af-a9e6-fa6848b17f00",
    "data": [
      {
        "text": "anything else",
        "userDefined": false
      }
    ],
    "isTemplate": false,
    "count": 0,
    "lang": "en",
    "updated": 0
  },
  {
    "id": "88f5b367-d67e-400b-9f4f-ae3d708397d9",
    "data": [
      {
        "text": "are there more?",
        "userDefined": false
      }
    ],
    "isTemplate": false,
    "count": 0,
    "lang": "en",
    "updated": 0
  },
  {
    "id": "31a1afea-f9d7-4e62-9b27-9513a5267dc8",
    "data": [
      {
        "text": "statistics",
        "userDefined": false
      }
    ],
    "isTemplate": false,
    "count": 0,
    "lang": "en",
    "updated": 0
  },
  {
    "id": "73d02773-4505-480d-ba35-c9120f674b01",
    "data": [
      {
        "text": "stats",
        "userDefined": false
      }
    ],
    "isTemplate": false,
    "count": 0,
    "lang": "en",
    "updated": 0
  },
  {
    "id": "5269ec59-2d07-4637-85ff-5607bb150c89",
    "data": [
      {
        "text": "other results",
        "userDefined": false
      }
    ],
    "isTemplate": false,
    "count": 0,
    "lang": "en",
    "updated": 0
  },
  {
    "id": "2b4e4fae-e812-41fd-9a27-56039ba71625",
    "data": [
      {
        "text": "more information",
        "userDefined": false
      }
    ],
    "isTemplate": false,
    "count": 0,
    "lang": "en",
    "updated": 0
  },
  {
    "id": "f328b10a-ca62-4723-8cc8-28308c824563",
    "data": [
      {
        "text": "more",
        "userDefined": false
      }
    ],
    "isTemplate": false,
    "count": 0,
    "lang": "en",
    "updated": 0
  },
  {
    "id": "fa92cbe7-59eb-4805-93d7-ee34c58cdc06",
    "data": [
      {
        "text": "tell me",
        "userDefined": false
      }
    ],
    "isTemplate": false,
    "count": 0,
    "lang": "en",
    "updated": 0
  },
  {
    "id": "7e8cbb2f-4923-4961-b26e-06e82605df87",
    "data": [
      {
        "text": "i want more information",
        "userDefined": false
      }
    ],
    "isTemplate": false,
    "count": 0,
    "lang": "en",
    "updated": 0
  },
  {
    "id": "fa97be58-ef4b-4bef-8f4b-f11eba0ee94f",
    "data": [
      {
        "text": "i want to know more",
        "userDefined": false
      }
    ],
    "isTemplate": false,
    "count": 0,
    "lang": "en",
    "updated": 0
  },
  {
    "id": "cdc93280-18c4-407f-8987-d552cc522d27",
    "data": [
      {
        "text": "show more results",
        "userDefined": false
      }
    ],
    "isTemplate": false,
    "count": 0,
    "lang": "en",
    "updated": 0
  },
  {
    "id": "56b3a523-70a3-43f8-b537-43245805c638",
    "data": [
      {
        "text": "tell me more",
        "userDefined": false
      }
    ],
    "isTemplate": false,
    "count": 0,
    "lang": "en",
    "updated": 0
  }
]