[
  {
    "id": "52a39722-4f16-4e25-95dc-168339a7e39a",
    "data": [
      {
        "text": "timetable",
        "meta": "@timetable",
        "alias": "timetable",
        "userDefined": false
      }
    ],
    "isTemplate": false,
    "count": 0,
    "lang": "en",
    "updated": 0
  },
  {
    "id": "466b8288-9dab-41af-b5b8-be45ae805d2c",
    "data": [
      {
        "text": "schedules",
        "meta": "@timetable",
        "alias": "timetable",
        "userDefined": false
      }
    ],
    "isTemplate": false,
    "count": 0,
    "lang": "en",
    "updated": 0
  },
  {
    "id": "d2522ee9-abe4-4e79-9715-66f8453aff4e",
    "data": [
      {
        "text": "timetables",
        "meta": "@timetable",
        "alias": "timetable",
        "userDefined": false
      }
    ],
    "isTemplate": false,
    "count": 0,
    "lang": "en",
    "updated": 0
  }
]