[
  {
    "id": "59a8f48d-e649-40f5-93dc-d8adb0bdce1e",
    "data": [
      {
        "text": "tell me the ",
        "userDefined": false
      },
      {
        "text": "vision and mission",
        "meta": "@visionAndMission",
        "alias": "visionandmission",
        "userDefined": false
      },
      {
        "text": " of the college",
        "userDefined": false
      }
    ],
    "isTemplate": false,
    "count": 0,
    "lang": "en",
    "updated": 0
  },
  {
    "id": "2a357f65-0c71-4d2b-91c2-6038d04093ad",
    "data": [
      {
        "text": "what are the ",
        "userDefined": false
      },
      {
        "text": "vision and mission",
        "meta": "@visionAndMission",
        "alias": "visionandmission",
        "userDefined": false
      },
      {
        "text": " of the colege?",
        "userDefined": false
      }
    ],
    "isTemplate": false,
    "count": 0,
    "lang": "en",
    "updated": 0
  },
  {
    "id": "c650060f-cbe7-4ee8-98ab-ceeac4caa558",
    "data": [
      {
        "text": "mission",
        "meta": "@visionAndMission",
        "alias": "visionandmission",
        "userDefined": true
      }
    ],
    "isTemplate": false,
    "count": 0,
    "lang": "en",
    "updated": 0
  },
  {
    "id": "302b4517-3421-4d45-81cb-c793d44e91bf",
    "data": [
      {
        "text": "vision",
        "meta": "@visionAndMission",
        "alias": "visionandmission",
        "userDefined": false
      }
    ],
    "isTemplate": false,
    "count": 0,
    "lang": "en",
    "updated": 0
  },
  {
    "id": "02f42884-9a24-426e-916c-990f6b627527",
    "data": [
      {
        "text": "vision",
        "meta": "@visionAndMission",
        "alias": "visionandmission",
        "userDefined": false
      },
      {
        "text": " ans ",
        "userDefined": false
      },
      {
        "text": "mission",
        "meta": "@visionAndMission",
        "alias": "visionandmission1",
        "userDefined": false
      }
    ],
    "isTemplate": false,
    "count": 0,
    "lang": "en",
    "updated": 0
  }
]