[
  {
    "id": "206da503-231b-4684-a095-9e25678c9f94",
    "data": [
      {
        "text": "what information can you provide?",
        "userDefined": false
      }
    ],
    "isTemplate": false,
    "count": 0,
    "lang": "en",
    "updated": 0
  },
  {
    "id": "3cc8098d-3ef1-4134-8811-bd060c5fca61",
    "data": [
      {
        "text": "what can you tell me?",
        "userDefined": false
      }
    ],
    "isTemplate": false,
    "count": 0,
    "lang": "en",
    "updated": 0
  },
  {
    "id": "fbbe171e-ffb9-44eb-868f-3346d4fdd170",
    "data": [
      {
        "text": "what do you have?",
        "userDefined": false
      }
    ],
    "isTemplate": false,
    "count": 0,
    "lang": "en",
    "updated": 0
  },
  {
    "id": "dcce1c64-b39f-467e-9b16-e53d932a6daa",
    "data": [
      {
        "text": "what do you got?",
        "userDefined": false
      }
    ],
    "isTemplate": false,
    "count": 0,
    "lang": "en",
    "updated": 0
  },
  {
    "id": "cff0ad4a-0ead-4ccc-b0b4-3558af37e9ec",
    "data": [
      {
        "text": "what do you got",
        "userDefined": false
      }
    ],
    "isTemplate": false,
    "count": 0,
    "lang": "en",
    "updated": 0
  },
  {
    "id": "838cb6a4-a6bc-420f-b777-5c8ca0ed35d4",
    "data": [
      {
        "text": "what do you have",
        "userDefined": false
      }
    ],
    "isTemplate": false,
    "count": 0,
    "lang": "en",
    "updated": 0
  },
  {
    "id": "3dc2a9bd-7658-489c-9815-a7f7bcacfe8b",
    "data": [
      {
        "text": "know",
        "userDefined": false
      }
    ],
    "isTemplate": false,
    "count": 0,
    "lang": "en",
    "updated": 0
  },
  {
    "id": "6bee83fe-ef79-42de-8cb2-2891c1e748c0",
    "data": [
      {
        "text": "what do u know",
        "userDefined": false
      }
    ],
    "isTemplate": false,
    "count": 0,
    "lang": "en",
    "updated": 0
  },
  {
    "id": "1eb2c1e2-cf3a-4970-9965-b4ed6f962e2d",
    "data": [
      {
        "text": "what do you know",
        "userDefined": false
      }
    ],
    "isTemplate": false,
    "count": 0,
    "lang": "en",
    "updated": 0
  },
  {
    "id": "6da8389f-4ade-461f-a34b-be58250e6e60",
    "data": [
      {
        "text": "What do you know?",
        "userDefined": false
      }
    ],
    "isTemplate": false,
    "count": 0,
    "lang": "en",
    "updated": 0
  }
]